imbalance_left,spread,event,event_side,event_queue_nbr,time,event_size_sum,ts_delta_sum,ts_delta_count,symbol,date
-0.19999999999999996,1,Can,B,-1,10:30:00,153433,59038900724,133,AAL,2024-06-17
0.0,2,Can,A,1,14:30:00,5000,5749566,5,AAL,2024-06-17
-0.4,2,Add,B,-1,14:30:00,700,5912,1,AAL,2024-06-17
0.3999999999999999,1,Can,B,-1,11:30:00,223434,3278563133,74,AAL,2024-06-17
0.3999999999999999,1,Add,B,-1,13:00:00,34320,953140097,23,AAL,2024-06-17
-0.19999999999999996,2,Can,A,1,11:30:00,2200,21173,4,AAL,2024-06-17
0.0,2,Add,A,2,13:30:00,1800,110130,1,AAL,2024-06-17
0.19999999999999996,1,Can,A,-2,10:30:00,8700,284467,1,AAL,2024-06-17
-0.4,1,Add,B,-2,10:00:00,21652,5679655602,11,AAL,2024-06-17
0.3999999999999999,1,Can,B,-2,13:30:00,4961,945239442,12,AAL,2024-06-17
-0.6,1,Can,B,-1,12:30:00,22149,7301435009,29,AAL,2024-06-17
-0.6,1,Trd,B,-1,15:00:00,13099,721322415,3,AAL,2024-06-17
-0.4,2,Can,A,2,12:30:00,5117,3462,1,AAL,2024-06-17
-0.6,2,Add,A,1,11:00:00,59513,306211,43,AAL,2024-06-17
-0.19999999999999996,1,Add,A,2,13:00:00,107728,16813402057,60,AAL,2024-06-17
-0.6,1,Add,A,1,10:00:00,77763,18885600547,120,AAL,2024-06-17
-0.19999999999999996,1,Add,B,-2,10:00:00,2012,3180835157,10,AAL,2024-06-17
-0.6,1,Trd,A,1,10:00:00,201,552397414,2,AAL,2024-06-17
0.8,1,Can,B,2,12:30:00,250,2891,1,AAL,2024-06-17
0.6000000000000001,1,Trd_All,A,1,10:30:00,2163,326707114,1,AAL,2024-06-17
-0.8,1,Add,B,-2,15:00:00,4590,3943680412,7,AAL,2024-06-17
-1.0,1,Can,A,2,11:00:00,600,1150946287,3,AAL,2024-06-17
-0.6,1,Can,A,1,12:30:00,58314,4724898724,32,AAL,2024-06-17
-0.4,2,Create_Bid,B,0,10:30:00,2500,156991,11,AAL,2024-06-17
-1.0,1,Can,A,1,13:00:00,86444,3012427,62,AAL,2024-06-17
-0.19999999999999996,2,Add,A,1,13:30:00,3000,1181,1,AAL,2024-06-17
-0.4,2,Create_Ask,A,0,13:30:00,100,22735,1,AAL,2024-06-17
0.6000000000000001,2,Can,A,1,10:30:00,2200,86300,2,AAL,2024-06-17
-1.0,1,Add,B,-2,11:30:00,3400,1117810339,4,AAL,2024-06-17
-0.8,2,Can,A,1,14:30:00,2200,19981,2,AAL,2024-06-17
0.8,1,Add,A,1,15:00:00,5500,291348,6,AAL,2024-06-17
0.3999999999999999,2,Create_Bid,B,0,11:00:00,8000,264576,3,AAL,2024-06-17
0.8,1,Trd,A,1,14:00:00,8287,6887493,19,AAL,2024-06-17
-0.19999999999999996,1,Can,A,1,12:30:00,111181,68618532045,81,AAL,2024-06-17
0.0,2,Add,B,-1,11:00:00,31179,74853,15,AAL,2024-06-17
0.19999999999999996,2,Can,B,-1,11:30:00,27154,263893,19,AAL,2024-06-17
-1.0,1,Trd,B,-1,14:00:00,11554,2457767,12,AAL,2024-06-17
0.6000000000000001,1,Add,A,1,14:00:00,21600,133866312,14,AAL,2024-06-17
0.6000000000000001,1,Can,B,-1,10:00:00,194222,32351488747,174,AAL,2024-06-17
-0.8,1,Add,B,-1,13:30:00,87552,47127117695,92,AAL,2024-06-17
0.0,2,Create_Ask,A,0,13:30:00,100,10881,1,AAL,2024-06-17
-1.0,1,Can,B,-1,11:30:00,3300,2799994235,14,AAL,2024-06-17
-0.4,1,Add,A,2,12:30:00,194806,36827128382,108,AAL,2024-06-17
-0.8,1,Can,A,1,14:00:00,75558,22678895191,114,AAL,2024-06-17
-0.4,1,Add,B,-1,12:30:00,163552,147724529711,141,AAL,2024-06-17
-0.6,2,Can,A,2,10:30:00,200,154700,1,AAL,2024-06-17
-0.8,2,Add,A,1,13:30:00,6183,24434,3,AAL,2024-06-17
-0.6,1,Add,B,-1,11:00:00,116014,40596626187,103,AAL,2024-06-17
0.0,1,Can,B,-2,11:30:00,39826,8578541193,26,AAL,2024-06-17
-1.0,1,Trd,A,1,15:00:00,3754,22456395,3,AAL,2024-06-17
0.8,1,Trd_All,A,1,11:00:00,6407,149826,10,AAL,2024-06-17
-0.6,2,Can,A,1,15:00:00,2012,125976137,4,AAL,2024-06-17
0.0,2,Create_Ask,A,0,10:30:00,100,19991,1,AAL,2024-06-17
-0.19999999999999996,1,Can,B,-2,13:00:00,10340,19170392218,13,AAL,2024-06-17
0.0,2,Add,B,-1,12:30:00,21994,67703,9,AAL,2024-06-17
0.8,1,Add,A,2,14:00:00,8600,2195562,4,AAL,2024-06-17
-0.8,1,Add,B,-2,12:00:00,7492,8710,3,AAL,2024-06-17
0.8,1,Can,A,2,11:00:00,2332,747605317,4,AAL,2024-06-17
-0.8,1,Add,B,-1,11:00:00,55399,30944903186,49,AAL,2024-06-17
0.6000000000000001,2,Create_Ask,A,0,10:30:00,2900,94617,6,AAL,2024-06-17
-1.0,1,Can,A,-2,10:30:00,518,4140,2,AAL,2024-06-17
0.6000000000000001,1,Trd,B,-1,10:00:00,772,8257372,2,AAL,2024-06-17
0.0,2,Add,A,1,12:00:00,5977,13739,4,AAL,2024-06-17
0.6000000000000001,2,Create_Bid,B,0,14:00:00,13600,23502,2,AAL,2024-06-17
-0.19999999999999996,1,Can,B,-1,13:00:00,130232,79085088330,163,AAL,2024-06-17
-0.19999999999999996,2,Add,A,1,11:00:00,29253,118735,20,AAL,2024-06-17
0.0,1,Add,A,1,12:30:00,65729,80293847962,101,AAL,2024-06-17
0.19999999999999996,2,Can,A,2,13:00:00,3900,101936,2,AAL,2024-06-17
0.8,1,Add,A,2,11:30:00,200,4956,1,AAL,2024-06-17
-0.8,2,Create_Ask,A,0,12:30:00,4600,32762,1,AAL,2024-06-17
-0.4,2,Create_Ask,A,0,14:30:00,100,9656,1,AAL,2024-06-17
0.19999999999999996,1,Can,B,-2,12:00:00,24203,5186789494,12,AAL,2024-06-17
0.19999999999999996,1,Can,A,2,12:30:00,6462,12658242597,20,AAL,2024-06-17
-1.0,1,Can,B,-2,10:00:00,10410,5197230519,9,AAL,2024-06-17
-0.4,2,Add,B,-1,14:00:00,23169,354476,15,AAL,2024-06-17
-0.19999999999999996,2,Create_Ask,A,0,12:30:00,1,21809,1,AAL,2024-06-17
-0.19999999999999996,1,Can,B,-1,12:00:00,75433,13459451327,57,AAL,2024-06-17
0.6000000000000001,2,Add,B,-1,15:00:00,15584,307627,12,AAL,2024-06-17
0.19999999999999996,2,Can,B,-1,12:00:00,16592,600256,13,AAL,2024-06-17
0.19999999999999996,1,Add,B,-1,12:30:00,162981,54017519336,103,AAL,2024-06-17
-0.6,1,Trd_All,B,-1,12:00:00,7168,152540,1,AAL,2024-06-17
0.3999999999999999,1,Add,B,-1,11:30:00,156049,20503035423,83,AAL,2024-06-17
0.6000000000000001,1,Can,A,1,15:00:00,5264,2518176,22,AAL,2024-06-17
0.6000000000000001,1,Add,B,-2,11:30:00,2518,4086954375,4,AAL,2024-06-17
-1.0,1,Trd,B,-1,11:30:00,30328,3193913992,29,AAL,2024-06-17
-1.0,1,Can,B,-1,10:30:00,11333,9248893804,28,AAL,2024-06-17
0.6000000000000001,1,Can,A,2,10:00:00,10788,9363971496,24,AAL,2024-06-17
0.3999999999999999,1,Can,B,-1,14:30:00,128714,12589051085,73,AAL,2024-06-17
0.6000000000000001,1,Can,B,-1,14:00:00,62439,2454859681,53,AAL,2024-06-17
0.3999999999999999,2,Trd,B,-1,14:00:00,800,54738,3,AAL,2024-06-17
-0.4,1,Can,A,1,10:00:00,139701,27597207871,119,AAL,2024-06-17
0.8,1,Add,B,-2,14:00:00,100,648294784,1,AAL,2024-06-17
0.3999999999999999,1,Add,A,1,10:30:00,87543,57988910844,107,AAL,2024-06-17
-1.0,1,Can,A,-2,12:00:00,500,2327,1,AAL,2024-06-17
0.6000000000000001,2,Can,B,-1,10:30:00,42443,390425,30,AAL,2024-06-17
0.8,1,Trd_All,A,1,11:30:00,4167,30192,10,AAL,2024-06-17
0.8,1,Add,A,1,11:30:00,9000,118711,10,AAL,2024-06-17
0.0,2,Add,A,1,15:00:00,5457,30214,4,AAL,2024-06-17
0.19999999999999996,2,Trd,B,-1,10:00:00,200,1797,1,AAL,2024-06-17
-0.6,2,Trd,B,-1,14:30:00,610,16855,3,AAL,2024-06-17
0.19999999999999996,2,Create_Bid,B,0,10:00:00,5300,88273,3,AAL,2024-06-17
-0.19999999999999996,1,Add,B,-1,15:00:00,213869,51352602926,201,AAL,2024-06-17
-0.6,2,Can,A,1,11:00:00,22195,397928,24,AAL,2024-06-17
0.19999999999999996,2,Create_Bid,B,0,11:30:00,13300,418512,3,AAL,2024-06-17
0.0,1,Add,A,1,13:30:00,76160,39660409307,98,AAL,2024-06-17
0.0,1,Can,A,2,13:00:00,70988,11881721534,41,AAL,2024-06-17
0.3999999999999999,1,Can,A,1,14:00:00,20961,4193393258,32,AAL,2024-06-17
-0.4,2,Add,A,1,12:00:00,8976,106046,6,AAL,2024-06-17
-0.6,2,Can,B,-1,14:30:00,200,5042,1,AAL,2024-06-17
0.19999999999999996,2,Can,B,-2,12:30:00,100,3568,1,AAL,2024-06-17
0.8,1,Add,A,1,11:00:00,24228,9599131446,26,AAL,2024-06-17
-0.19999999999999996,1,Can,A,1,11:30:00,159639,98173634725,156,AAL,2024-06-17
0.19999999999999996,1,Trd,A,1,14:00:00,24240,100848035,11,AAL,2024-06-17
0.3999999999999999,1,Add,B,-2,14:00:00,3773,1191788170,8,AAL,2024-06-17
0.19999999999999996,2,Can,A,1,14:00:00,2000,12690,1,AAL,2024-06-17
0.6000000000000001,1,Trd_All,A,1,11:30:00,13784,3068956001,3,AAL,2024-06-17
0.8,1,Add,B,2,14:00:00,500,4659,1,AAL,2024-06-17
0.6000000000000001,2,Create_Bid,B,0,10:00:00,8200,257667,7,AAL,2024-06-17
0.3999999999999999,2,Add,B,-1,15:00:00,80637,543444730,43,AAL,2024-06-17
0.0,1,Add,A,1,13:00:00,125665,92627956920,160,AAL,2024-06-17
-0.6,1,Add,A,1,14:00:00,232751,117442320957,247,AAL,2024-06-17
-0.19999999999999996,2,Create_Ask,A,0,10:00:00,6800,401091,7,AAL,2024-06-17
-0.6,1,Trd,A,1,11:30:00,4230,24963134,4,AAL,2024-06-17
-0.19999999999999996,1,Add,A,1,13:00:00,200553,116141921548,218,AAL,2024-06-17
-0.8,1,Can,A,1,10:30:00,200593,12970160140,239,AAL,2024-06-17
0.3999999999999999,2,Create_Ask,A,0,10:00:00,1600,42783,8,AAL,2024-06-17
0.0,1,Can,A,2,12:00:00,48291,11281584824,48,AAL,2024-06-17
-0.8,1,Add,A,2,13:30:00,41500,4873755465,24,AAL,2024-06-17
0.0,1,Add,A,1,10:30:00,207053,35202009682,230,AAL,2024-06-17
0.3999999999999999,1,Can,B,-2,11:00:00,2131,1377059658,5,AAL,2024-06-17
-1.0,1,Trd_All,B,-1,12:00:00,1732,46520,9,AAL,2024-06-17
-0.8,1,Trd_All,B,-1,15:00:00,11635,237861,2,AAL,2024-06-17
-0.8,1,Add,A,2,10:30:00,618,3472708672,4,AAL,2024-06-17
-0.19999999999999996,2,Create_Bid,B,0,12:00:00,300,23891,3,AAL,2024-06-17
0.0,1,Trd_All,A,1,14:00:00,17126,858608857,1,AAL,2024-06-17
-0.19999999999999996,1,Can,B,-2,11:30:00,12888,24346170387,26,AAL,2024-06-17
-0.19999999999999996,2,Create_Ask,A,0,10:30:00,3100,2802188836,1,AAL,2024-06-17
0.0,1,Can,A,1,12:00:00,172638,126480399788,156,AAL,2024-06-17
-1.0,1,Add,B,-1,13:30:00,58347,403809704,69,AAL,2024-06-17
0.19999999999999996,2,Can,B,-1,11:00:00,16678,287587,15,AAL,2024-06-17
-1.0,1,Add,B,-2,15:00:00,5700,1937895,3,AAL,2024-06-17
0.3999999999999999,2,Create_Bid,B,0,13:30:00,11600,11382,2,AAL,2024-06-17
-0.6,2,Create_Ask,A,0,12:00:00,200,987,1,AAL,2024-06-17
-0.19999999999999996,1,Add,B,-1,10:30:00,151581,48924843613,138,AAL,2024-06-17
-1.0,1,Trd_All,B,-1,11:30:00,2855,172044,11,AAL,2024-06-17
0.8,1,Trd,A,1,11:00:00,4405,33719,6,AAL,2024-06-17
0.0,1,Trd,B,-1,12:30:00,150,7784193178,2,AAL,2024-06-17
0.3999999999999999,1,Trd_All,A,1,12:30:00,5248,2969,1,AAL,2024-06-17
0.6000000000000001,1,Add,A,2,11:30:00,200,9829,1,AAL,2024-06-17
0.0,2,Can,B,-1,13:30:00,18908,623440,10,AAL,2024-06-17
-0.4,2,Add,B,-1,12:30:00,1716,192809,4,AAL,2024-06-17
0.0,1,Add,A,2,14:30:00,7067,3293095058,23,AAL,2024-06-17
0.19999999999999996,1,Trd_All,A,1,13:30:00,9453,7266,1,AAL,2024-06-17
-0.4,2,Can,A,1,14:30:00,3602,21474,4,AAL,2024-06-17
0.3999999999999999,1,Add,A,2,12:30:00,832,1297377035,6,AAL,2024-06-17
0.8,1,Can,B,-1,14:30:00,10284,107466,15,AAL,2024-06-17
-0.6,1,Trd,B,-1,10:30:00,30820,15257031016,48,AAL,2024-06-17
-1.0,1,Trd,B,-1,12:30:00,3553,18129,5,AAL,2024-06-17
-0.6,1,Add,B,-2,15:00:00,16620,11255210688,26,AAL,2024-06-17
-0.8,1,Trd,A,1,10:00:00,202,2124639560,2,AAL,2024-06-17
0.6000000000000001,1,Trd_All,A,1,15:00:00,4018,58514,1,AAL,2024-06-17
0.3999999999999999,1,Add,A,1,13:30:00,20740,388058122,21,AAL,2024-06-17
-0.4,1,Can,A,1,13:30:00,77590,16948780562,46,AAL,2024-06-17
0.19999999999999996,2,Add,A,1,14:30:00,13100,407486,6,AAL,2024-06-17
-0.19999999999999996,2,Add,B,-1,10:00:00,16400,52675,6,AAL,2024-06-17
-1.0,1,Add,A,1,12:00:00,89768,3693400,69,AAL,2024-06-17
0.3999999999999999,2,Can,A,1,15:00:00,600,5377,1,AAL,2024-06-17
-0.6,1,Trd_All,B,-1,10:00:00,3864,2281582550,2,AAL,2024-06-17
0.3999999999999999,2,Add,B,-1,11:00:00,76997,718129,58,AAL,2024-06-17
0.0,1,Add,A,2,10:30:00,5434,952088840,13,AAL,2024-06-17
0.6000000000000001,1,Add,B,-1,14:30:00,10591,3119885181,18,AAL,2024-06-17
0.19999999999999996,2,Create_Ask,A,0,15:00:00,100,23180,1,AAL,2024-06-17
-0.4,1,Can,A,1,12:30:00,129550,91806165567,108,AAL,2024-06-17
0.6000000000000001,1,Add,A,1,11:00:00,18224,9420573741,32,AAL,2024-06-17
0.19999999999999996,1,Can,B,-2,13:00:00,14612,508947991,18,AAL,2024-06-17
0.0,1,Add,A,2,12:00:00,51473,9121116698,33,AAL,2024-06-17
0.19999999999999996,1,Add,B,-2,10:00:00,12779,5232119839,17,AAL,2024-06-17
-0.4,1,Add,A,1,11:30:00,206837,101000670500,156,AAL,2024-06-17
-0.8,1,Trd_All,B,-1,12:00:00,10295,13295,2,AAL,2024-06-17
0.6000000000000001,1,Can,B,-1,15:00:00,66457,29578780,57,AAL,2024-06-17
0.3999999999999999,1,Can,B,-2,12:30:00,10321,6992883767,21,AAL,2024-06-17
0.19999999999999996,1,Trd_All,A,1,14:00:00,9800,21666,1,AAL,2024-06-17
-1.0,1,Add,B,-1,10:00:00,74249,15526810499,78,AAL,2024-06-17
0.6000000000000001,1,Can,A,1,10:30:00,47385,17382240647,34,AAL,2024-06-17
-0.6,1,Trd,A,1,13:30:00,200,5568965,1,AAL,2024-06-17
-0.4,2,Can,A,1,12:30:00,22134,414076,23,AAL,2024-06-17
-1.0,1,Can,A,2,11:30:00,607,11383,2,AAL,2024-06-17
0.3999999999999999,1,Can,A,2,13:00:00,1900,29917495,2,AAL,2024-06-17
-0.4,1,Can,B,-1,14:00:00,241638,81991454410,194,AAL,2024-06-17
-0.4,1,Add,A,2,10:00:00,12255,2624469681,11,AAL,2024-06-17
0.8,1,Can,A,2,14:30:00,986,11988,3,AAL,2024-06-17
-0.6,2,Add,A,1,13:30:00,40583,8734453,26,AAL,2024-06-17
-0.6,1,Can,A,1,14:00:00,277343,82750112619,253,AAL,2024-06-17
0.8,1,Add,B,-1,13:00:00,38449,883725,32,AAL,2024-06-17
-0.4,1,Can,A,1,14:00:00,226288,111894965465,225,AAL,2024-06-17
0.19999999999999996,1,Can,A,1,14:00:00,59048,27337332291,78,AAL,2024-06-17
-0.6,1,Add,B,-2,10:00:00,13567,5301736791,10,AAL,2024-06-17
-0.4,2,Can,B,-1,12:30:00,620,7702,1,AAL,2024-06-17
-0.19999999999999996,1,Trd,A,1,13:30:00,3,826,1,AAL,2024-06-17
-0.8,2,Create_Ask,A,0,14:30:00,300,25621,1,AAL,2024-06-17
0.19999999999999996,1,Can,B,-2,15:00:00,19530,5124687111,21,AAL,2024-06-17
0.3999999999999999,2,Create_Ask,A,0,14:30:00,100,68115,1,AAL,2024-06-17
-0.8,2,Can,A,1,12:00:00,10970,21698,7,AAL,2024-06-17
-0.19999999999999996,2,Create_Bid,B,0,10:00:00,3500,410516251,11,AAL,2024-06-17
-0.6,1,Add,A,2,11:30:00,400,981735560,2,AAL,2024-06-17
0.3999999999999999,1,Add,B,-1,12:00:00,235648,70967054006,155,AAL,2024-06-17
0.19999999999999996,1,Trd_All,A,1,10:30:00,6390,7962715,1,AAL,2024-06-17
0.3999999999999999,1,Can,A,1,13:00:00,7697,53087555,6,AAL,2024-06-17
-1.0,1,Trd,B,-1,15:00:00,19044,476110861,23,AAL,2024-06-17
-0.6,1,Add,B,-2,12:00:00,105,6779458,2,AAL,2024-06-17
0.3999999999999999,2,Create_Bid,B,0,12:00:00,3500,9421,1,AAL,2024-06-17
0.19999999999999996,2,Create_Bid,B,0,10:30:00,2269,20651,3,AAL,2024-06-17
0.19999999999999996,1,Trd,A,1,15:00:00,8501,19462600,1,AAL,2024-06-17
0.0,2,Can,A,1,14:00:00,13698,1539376,5,AAL,2024-06-17
-0.4,1,Trd_All,B,-1,11:30:00,13201,617957492,1,AAL,2024-06-17
0.0,1,Can,B,-1,13:30:00,180015,73102585665,159,AAL,2024-06-17
0.19999999999999996,1,Add,A,2,14:30:00,698,5341746983,6,AAL,2024-06-17
-0.19999999999999996,1,Can,B,-1,12:30:00,176260,74051651983,120,AAL,2024-06-17
0.8,1,Add,A,1,12:30:00,9987,14359403,11,AAL,2024-06-17
-0.6,1,Can,A,1,10:30:00,195734,33555794721,237,AAL,2024-06-17
-0.6,1,Add,A,1,11:00:00,167574,89266873210,145,AAL,2024-06-17
-0.4,2,Can,B,-1,14:00:00,100,13643,1,AAL,2024-06-17
-0.19999999999999996,1,Add,B,-2,13:30:00,9629,12452621166,13,AAL,2024-06-17
-0.19999999999999996,2,Create_Bid,B,0,12:30:00,100,18886,1,AAL,2024-06-17
0.6000000000000001,1,Add,A,1,10:30:00,36269,31011122046,51,AAL,2024-06-17
-1.0,1,Add,B,-1,15:00:00,45250,1042670022,35,AAL,2024-06-17
-0.6,1,Can,B,-1,12:00:00,1000,326351910,4,AAL,2024-06-17
0.8,1,Can,B,-1,12:30:00,72377,2465659,44,AAL,2024-06-17
-0.8,1,Trd,B,-1,13:30:00,7791,764393194,10,AAL,2024-06-17
0.3999999999999999,2,Add,B,-1,10:00:00,87685,434314,55,AAL,2024-06-17
0.19999999999999996,1,Add,B,-1,13:00:00,157506,55451566038,155,AAL,2024-06-17
-1.0,1,Add,B,-2,11:00:00,9200,2044334970,3,AAL,2024-06-17
-0.4,2,Add,A,1,15:00:00,59558,135931361,26,AAL,2024-06-17
0.6000000000000001,1,Add,A,2,14:00:00,3900,134857313,2,AAL,2024-06-17
0.0,2,Create_Bid,B,0,10:30:00,300,38297,3,AAL,2024-06-17
0.6000000000000001,2,Create_Ask,A,0,11:30:00,400,39232,2,AAL,2024-06-17
-0.6,1,Can,A,1,11:30:00,165718,20965402666,79,AAL,2024-06-17
-1.0,1,Trd_All,B,-1,10:00:00,13044,656109552,31,AAL,2024-06-17
-1.0,1,Add,B,-2,14:00:00,100,37093,1,AAL,2024-06-17
-0.19999999999999996,1,Trd_All,B,-1,12:30:00,13504,248612,1,AAL,2024-06-17
-0.19999999999999996,1,Add,B,-2,14:00:00,3158,7849611230,10,AAL,2024-06-17
-0.4,1,Can,A,2,14:00:00,82047,45857525401,54,AAL,2024-06-17
0.19999999999999996,1,Add,A,2,10:00:00,34582,12784753336,36,AAL,2024-06-17
0.8,1,Trd,A,1,12:30:00,66,11923,2,AAL,2024-06-17
-0.6,1,Can,A,2,14:00:00,48106,9959544085,33,AAL,2024-06-17
0.0,1,Can,A,2,14:30:00,23999,10516155524,51,AAL,2024-06-17
0.0,1,Add,A,2,14:00:00,53800,3938845246,42,AAL,2024-06-17
-0.6,1,Add,A,2,10:00:00,1475,250843983,4,AAL,2024-06-17
-0.4,1,Can,A,2,15:00:00,29173,20548905854,46,AAL,2024-06-17
-0.4,1,Add,A,2,15:00:00,29613,9101679571,26,AAL,2024-06-17
0.6000000000000001,2,Create_Bid,B,0,15:00:00,6800,26629,1,AAL,2024-06-17
0.0,2,Trd,B,-1,14:00:00,300,13244640,1,AAL,2024-06-17
-0.8,1,Can,B,-1,12:00:00,100,115770,1,AAL,2024-06-17
0.0,2,Add,B,-1,14:30:00,25593,1192199,14,AAL,2024-06-17
0.6000000000000001,1,Can,A,1,14:00:00,18407,2868322783,13,AAL,2024-06-17
-0.19999999999999996,1,Can,A,1,10:30:00,198469,23141021907,162,AAL,2024-06-17
-0.19999999999999996,1,Trd,B,-1,13:00:00,1960,335249153,2,AAL,2024-06-17
0.0,2,Can,B,-1,15:00:00,700,34525,2,AAL,2024-06-17
0.0,1,Add,B,-2,12:30:00,11458,3215050771,13,AAL,2024-06-17
-0.4,1,Can,B,-2,12:00:00,12604,6658654577,7,AAL,2024-06-17
0.19999999999999996,1,Add,B,-2,10:30:00,8478,12166937995,23,AAL,2024-06-17
-0.8,2,Can,B,-1,12:30:00,100,50462,1,AAL,2024-06-17
-1.0,1,Trd,A,1,13:30:00,5801,5600439,5,AAL,2024-06-17
0.0,2,Can,A,1,13:30:00,100,121433,1,AAL,2024-06-17
0.6000000000000001,1,Add,B,-1,13:00:00,7400,977723457,12,AAL,2024-06-17
-0.8,1,Can,A,2,11:00:00,3235,525549460,20,AAL,2024-06-17
0.6000000000000001,1,Can,B,-1,14:30:00,18431,582274289,23,AAL,2024-06-17
0.19999999999999996,2,Can,B,-1,13:00:00,15995,118457,14,AAL,2024-06-17
-0.8,1,Can,B,-1,10:00:00,40266,15625854591,51,AAL,2024-06-17
-1.0,1,Trd,B,-1,10:00:00,6021,251845148,24,AAL,2024-06-17
0.8,1,Trd_All,A,1,14:30:00,286,18595,2,AAL,2024-06-17
0.6000000000000001,2,Add,B,-1,11:30:00,45395,180741,31,AAL,2024-06-17
0.6000000000000001,1,Trd,A,1,11:00:00,6580,193955900,7,AAL,2024-06-17
-0.6,1,Can,A,1,10:00:00,112812,30611050880,104,AAL,2024-06-17
-0.19999999999999996,1,Add,B,-2,11:00:00,29429,28843974313,31,AAL,2024-06-17
0.19999999999999996,2,Create_Bid,B,0,14:00:00,5000,1112,1,AAL,2024-06-17
-1.0,1,Trd,A,1,10:30:00,697,4563557961,8,AAL,2024-06-17
0.19999999999999996,1,Add,B,-2,14:30:00,5836,4522653115,22,AAL,2024-06-17
-1.0,1,Can,B,-2,13:00:00,5100,11122,2,AAL,2024-06-17
0.0,1,Can,B,2,14:30:00,2100,502,1,AAL,2024-06-17
0.3999999999999999,1,Trd,A,1,11:30:00,1200,215490348,1,AAL,2024-06-17
0.19999999999999996,2,Can,B,-1,13:30:00,62704,70914723,41,AAL,2024-06-17
0.19999999999999996,2,Can,A,1,13:30:00,1010,35978665,5,AAL,2024-06-17
0.0,1,Trd,A,1,10:30:00,7698,561086948,4,AAL,2024-06-17
0.8,1,Trd_All,A,1,10:30:00,8194,236067,26,AAL,2024-06-17
-1.0,1,Trd_All,B,-1,13:30:00,7186,10124495,35,AAL,2024-06-17
0.0,2,Trd,B,-1,11:00:00,98,17238,1,AAL,2024-06-17
0.6000000000000001,1,Trd,B,-1,14:30:00,4800,8790282,3,AAL,2024-06-17
-0.4,1,Add,B,-2,14:30:00,10822,7434746339,19,AAL,2024-06-17
-1.0,1,Can,B,-2,12:30:00,100,13424,1,AAL,2024-06-17
0.3999999999999999,1,Can,A,2,10:00:00,19599,23866415642,48,AAL,2024-06-17
0.3999999999999999,2,Can,B,-1,11:00:00,49434,671469,40,AAL,2024-06-17
0.6000000000000001,1,Can,B,-1,12:00:00,118408,16615749602,80,AAL,2024-06-17
-1.0,1,Add,A,2,10:00:00,300,18711,1,AAL,2024-06-17
-0.8,1,Trd,A,1,12:00:00,101,3077119,1,AAL,2024-06-17
0.0,1,Trd_All,A,1,11:30:00,24464,1516348841,2,AAL,2024-06-17
0.6000000000000001,1,Can,A,2,14:30:00,110,195782321,2,AAL,2024-06-17
0.3999999999999999,1,Can,B,-1,13:00:00,53879,2448395392,30,AAL,2024-06-17
0.19999999999999996,2,Add,B,-1,15:00:00,16739,39938308,9,AAL,2024-06-17
0.3999999999999999,1,Add,B,-1,14:30:00,76519,8518691923,61,AAL,2024-06-17
0.19999999999999996,1,Can,B,-2,14:30:00,4258,12826964487,16,AAL,2024-06-17
-1.0,1,Trd,B,-1,11:00:00,3837,94161049,6,AAL,2024-06-17
0.3999999999999999,1,Can,B,-1,14:00:00,126324,8598393134,71,AAL,2024-06-17
0.3999999999999999,1,Trd,A,1,14:00:00,5660,6669365,8,AAL,2024-06-17
-0.4,1,Add,A,1,14:00:00,232727,140242242539,264,AAL,2024-06-17
0.8,1,Add,B,-2,10:30:00,100,1505730,1,AAL,2024-06-17
0.6000000000000001,1,Can,B,-2,10:30:00,400,17352213,4,AAL,2024-06-17
0.3999999999999999,2,Add,A,1,14:00:00,2000,40148,1,AAL,2024-06-17
-0.6,1,Can,A,2,11:00:00,5386,4256929475,23,AAL,2024-06-17
0.3999999999999999,1,Add,B,-2,14:30:00,1100,3186681950,1,AAL,2024-06-17
0.19999999999999996,2,Create_Ask,A,0,10:30:00,800,20142,4,AAL,2024-06-17
-0.6,2,Trd,A,1,13:30:00,100,157606675,1,AAL,2024-06-17
0.0,1,Add,B,2,10:00:00,1300,2901,1,AAL,2024-06-17
-0.8,2,Trd,A,1,13:30:00,100,1422,1,AAL,2024-06-17
0.19999999999999996,2,Can,A,1,10:00:00,1228,88082,3,AAL,2024-06-17
-0.8,1,Add,A,1,13:00:00,8744,1787062886,10,AAL,2024-06-17
-0.4,2,Can,A,1,12:00:00,6300,225696,3,AAL,2024-06-17
0.6000000000000001,1,Add,A,1,12:00:00,50484,36807112802,53,AAL,2024-06-17
-0.6,1,Can,B,-2,12:30:00,9782,5759777728,20,AAL,2024-06-17
0.8,1,Can,A,2,10:30:00,4092,556981371,4,AAL,2024-06-17
-0.4,1,Can,B,-2,14:30:00,18035,5071145946,27,AAL,2024-06-17
-0.6,1,Can,A,1,13:00:00,145775,109812920415,114,AAL,2024-06-17
0.3999999999999999,2,Can,B,-1,14:00:00,31673,442562,29,AAL,2024-06-17
-1.0,1,Can,B,-1,12:30:00,600,51551,3,AAL,2024-06-17
-0.6,1,Add,B,-2,11:30:00,661,7226126007,7,AAL,2024-06-17
-0.4,1,Add,B,-1,11:30:00,93207,78451645036,99,AAL,2024-06-17
0.19999999999999996,1,Add,A,2,12:00:00,31410,24039552219,27,AAL,2024-06-17
-0.4,2,Trd,B,-1,11:00:00,2100,3658513,1,AAL,2024-06-17
-0.6,2,Add,B,-1,12:30:00,18020,101204,3,AAL,2024-06-17
0.6000000000000001,1,Add,B,-2,14:30:00,186,309795,1,AAL,2024-06-17
0.0,1,Add,A,2,10:00:00,23103,9288790216,31,AAL,2024-06-17
0.19999999999999996,1,Add,A,1,11:00:00,52592,32966246488,46,AAL,2024-06-17
0.3999999999999999,2,Add,A,1,12:30:00,300,18457,1,AAL,2024-06-17
0.19999999999999996,1,Can,A,2,11:00:00,421,2465778565,6,AAL,2024-06-17
-0.19999999999999996,2,Trd,B,-1,12:30:00,300,1357,1,AAL,2024-06-17
-0.8,1,Can,A,1,11:00:00,114293,30360511638,73,AAL,2024-06-17
0.0,1,Add,B,-1,14:30:00,272502,72810815890,275,AAL,2024-06-17
0.0,1,Add,A,1,10:00:00,138118,60529867764,208,AAL,2024-06-17
0.3999999999999999,1,Can,B,-1,13:30:00,104158,296007427,55,AAL,2024-06-17
-0.4,2,Add,B,-2,12:30:00,100,41361,1,AAL,2024-06-17
-0.4,1,Add,B,-1,14:00:00,184595,93114454149,186,AAL,2024-06-17
-0.8,1,Add,B,-2,11:00:00,14100,15070618672,14,AAL,2024-06-17
-0.4,1,Can,A,1,13:00:00,123305,46065368897,70,AAL,2024-06-17
0.3999999999999999,1,Can,A,2,11:00:00,11897,25825435,10,AAL,2024-06-17
-0.8,2,Can,A,1,10:00:00,504,53732,6,AAL,2024-06-17
-0.4,1,Can,A,2,11:30:00,6400,756252826,14,AAL,2024-06-17
-0.19999999999999996,1,Add,A,1,13:30:00,75923,64774044472,132,AAL,2024-06-17
0.0,1,Can,B,-1,13:00:00,307294,97711395500,198,AAL,2024-06-17
0.0,2,Add,A,1,10:30:00,23163,158094,22,AAL,2024-06-17
-0.4,1,Add,B,-1,14:30:00,130521,66384684732,120,AAL,2024-06-17
-0.4,1,Can,B,-1,11:30:00,96468,73042999905,88,AAL,2024-06-17
0.3999999999999999,1,Add,A,2,15:00:00,1000,469833184,2,AAL,2024-06-17
0.3999999999999999,1,Add,B,-1,11:00:00,45393,33936602201,40,AAL,2024-06-17
0.19999999999999996,1,Trd,A,1,10:00:00,766,750603282,2,AAL,2024-06-17
-0.4,1,Add,A,2,11:00:00,4787,5698163165,13,AAL,2024-06-17
-0.19999999999999996,1,Add,A,2,12:30:00,63740,16436587086,36,AAL,2024-06-17
-0.4,2,Create_Bid,B,0,14:30:00,1200,30045,4,AAL,2024-06-17
-0.4,1,Trd,B,-1,11:30:00,600,2048286139,6,AAL,2024-06-17
-0.6,2,Add,A,1,12:30:00,43190,222307,31,AAL,2024-06-17
-0.6,1,Add,B,-1,12:30:00,53736,32515424259,52,AAL,2024-06-17
-0.4,1,Can,A,1,12:00:00,75490,24066260853,53,AAL,2024-06-17
-0.19999999999999996,1,Can,A,2,14:30:00,24648,5774795896,23,AAL,2024-06-17
0.19999999999999996,1,Can,A,1,13:30:00,26964,2173078157,21,AAL,2024-06-17
0.3999999999999999,1,Add,A,2,12:00:00,752,2251413784,8,AAL,2024-06-17
-0.6,2,Can,A,1,13:00:00,860,5178,2,AAL,2024-06-17
-1.0,1,Add,A,-2,10:30:00,1990,26269,2,AAL,2024-06-17
-0.6,1,Add,B,-1,13:30:00,230525,99237954596,183,AAL,2024-06-17
0.19999999999999996,2,Create_Ask,A,0,10:00:00,400,12447,2,AAL,2024-06-17
0.6000000000000001,1,Add,B,-2,10:00:00,1065,3775437880,7,AAL,2024-06-17
0.3999999999999999,2,Add,A,2,11:00:00,200,12087,1,AAL,2024-06-17
-1.0,1,Add,A,1,14:00:00,93174,2089371436,122,AAL,2024-06-17
-0.6,2,Create_Bid,B,0,14:30:00,500,35014,3,AAL,2024-06-17
-0.8,1,Trd,B,-1,15:00:00,8258,90801893,5,AAL,2024-06-17
-0.4,1,Add,A,2,12:00:00,27400,13353013862,20,AAL,2024-06-17
-0.8,1,Can,A,1,10:00:00,93017,17716324098,128,AAL,2024-06-17
-1.0,1,Add,B,-1,11:00:00,36252,11425684702,38,AAL,2024-06-17
0.19999999999999996,1,Can,A,1,10:30:00,119597,56294063892,132,AAL,2024-06-17
0.19999999999999996,1,Add,A,1,14:30:00,162667,231652181133,349,AAL,2024-06-17
0.0,2,Add,B,-1,13:30:00,58381,217716,27,AAL,2024-06-17
0.0,1,Can,A,2,15:00:00,8494,11402551072,32,AAL,2024-06-17
-0.6,2,Create_Bid,B,0,14:00:00,200,4428,1,AAL,2024-06-17
0.6000000000000001,2,Create_Bid,B,0,12:30:00,4500,18638,1,AAL,2024-06-17
0.19999999999999996,2,Can,B,-2,15:00:00,127,176123926,4,AAL,2024-06-17
-0.8,1,Trd_All,B,-1,10:00:00,5822,1728852326,3,AAL,2024-06-17
0.6000000000000001,1,Add,A,2,11:00:00,4235,55451020,6,AAL,2024-06-17
-0.6,1,Can,A,2,15:00:00,5092,9262787557,13,AAL,2024-06-17
-0.19999999999999996,1,Trd,A,1,15:00:00,2,14065,1,AAL,2024-06-17
0.3999999999999999,1,Can,B,-1,12:30:00,186526,26289609385,88,AAL,2024-06-17
-0.19999999999999996,1,Trd,B,-1,13:30:00,17076,1479822,2,AAL,2024-06-17
0.3999999999999999,2,Create_Ask,A,0,10:30:00,2200,62176,11,AAL,2024-06-17
0.8,1,Can,B,-1,10:30:00,100925,3274085089,113,AAL,2024-06-17
0.19999999999999996,1,Can,A,1,12:30:00,64619,36062886645,69,AAL,2024-06-17
-0.6,2,Can,A,1,10:30:00,71178,5278318,44,AAL,2024-06-17
-0.4,1,Add,A,1,12:00:00,51572,45709544605,60,AAL,2024-06-17
0.8,1,Can,B,2,14:00:00,4300,3932640,1,AAL,2024-06-17
0.3999999999999999,2,Can,A,1,10:00:00,300,9126,2,AAL,2024-06-17
0.8,1,Trd,A,1,13:00:00,3087,426430,8,AAL,2024-06-17
0.8,1,Trd,B,-1,15:00:00,100,2312,1,AAL,2024-06-17
0.0,1,Can,A,1,10:00:00,236332,55849837471,222,AAL,2024-06-17
-0.6,1,Trd,A,1,14:00:00,10295,6423910,7,AAL,2024-06-17
-0.19999999999999996,2,Add,B,-1,13:30:00,19219,113398,14,AAL,2024-06-17
-0.6,2,Add,A,1,11:30:00,39643,325553,30,AAL,2024-06-17
-1.0,1,Can,A,1,12:00:00,82936,3537794,72,AAL,2024-06-17
0.0,1,Add,A,2,13:00:00,70296,9690005257,48,AAL,2024-06-17
-0.4,2,Add,B,-1,12:00:00,300,34278,1,AAL,2024-06-17
-0.6,1,Can,B,-1,10:00:00,88693,21383903585,84,AAL,2024-06-17
0.3999999999999999,2,Can,B,-1,15:00:00,70122,41698598,44,AAL,2024-06-17
0.19999999999999996,2,Trd,A,1,11:00:00,3700,341843,2,AAL,2024-06-17
0.19999999999999996,2,Trd,B,-1,14:00:00,100,18740,1,AAL,2024-06-17
0.3999999999999999,1,Add,B,-2,10:00:00,8840,2465189378,11,AAL,2024-06-17
-0.19999999999999996,1,Add,A,1,12:00:00,113635,48882997723,97,AAL,2024-06-17
0.3999999999999999,1,Can,A,1,15:00:00,14547,2638917479,43,AAL,2024-06-17
-0.6,1,Can,B,-2,12:00:00,3674,1204928719,6,AAL,2024-06-17
0.6000000000000001,1,Trd,A,1,14:00:00,10938,1453460757,8,AAL,2024-06-17
-0.19999999999999996,1,Add,A,1,11:30:00,214739,209157854564,234,AAL,2024-06-17
0.19999999999999996,2,Add,B,-1,13:00:00,58344,281653,33,AAL,2024-06-17
-0.19999999999999996,2,Can,A,1,10:30:00,31473,78094233,31,AAL,2024-06-17
0.3999999999999999,2,Add,B,-1,13:30:00,60056,276205,40,AAL,2024-06-17
0.8,1,Add,A,1,12:00:00,700,11159,2,AAL,2024-06-17
0.6000000000000001,1,Add,A,1,12:30:00,39498,11857765028,30,AAL,2024-06-17
0.0,1,Add,A,2,12:30:00,15500,18402607914,12,AAL,2024-06-17
0.8,1,Can,B,-1,11:30:00,106992,9819803,67,AAL,2024-06-17
0.6000000000000001,1,Add,A,2,10:00:00,17620,6603426525,26,AAL,2024-06-17
0.19999999999999996,1,Add,B,-2,12:00:00,11059,5976820354,10,AAL,2024-06-17
0.0,1,Add,B,-1,12:00:00,249013,173241896682,235,AAL,2024-06-17
-1.0,1,Can,A,1,10:30:00,525299,3640217922,569,AAL,2024-06-17
-0.8,1,Can,A,2,10:00:00,8298,2111717086,20,AAL,2024-06-17
-0.8,2,Add,A,1,10:00:00,14288,61622,9,AAL,2024-06-17
-0.6,1,Can,B,-1,15:00:00,59858,17436411509,68,AAL,2024-06-17
-0.8,1,Add,B,-1,14:00:00,65379,12298062952,41,AAL,2024-06-17
0.0,1,Add,B,-2,11:00:00,14875,33211731836,24,AAL,2024-06-17
-0.6,1,Add,B,-2,14:00:00,7566,16707892017,24,AAL,2024-06-17
-0.6,1,Can,A,1,15:00:00,142902,71414859411,217,AAL,2024-06-17
0.8,1,Trd,A,1,11:30:00,4508,65330,15,AAL,2024-06-17
0.3999999999999999,1,Can,A,1,10:30:00,50416,27700052938,79,AAL,2024-06-17
-0.4,2,Can,B,-1,11:00:00,626,129290,2,AAL,2024-06-17
0.0,1,Add,B,-1,10:00:00,179080,37300097877,165,AAL,2024-06-17
-0.4,2,Create_Ask,A,0,11:00:00,4100,857297,2,AAL,2024-06-17
-0.19999999999999996,1,Add,A,1,14:00:00,246255,156274747316,375,AAL,2024-06-17
-0.6,1,Can,A,1,13:30:00,237807,121897189620,254,AAL,2024-06-17
-0.4,1,Add,B,-1,13:30:00,181094,75258271481,127,AAL,2024-06-17
0.3999999999999999,1,Trd,A,1,10:00:00,5993,9398065,2,AAL,2024-06-17
0.3999999999999999,1,Add,A,2,10:30:00,12972,3669678215,11,AAL,2024-06-17
-0.6,1,Can,B,-2,11:00:00,23001,26507517210,26,AAL,2024-06-17
-0.19999999999999996,1,Add,A,2,14:30:00,6145,11847076975,20,AAL,2024-06-17
-0.8,1,Add,A,2,14:00:00,12577,390628447,8,AAL,2024-06-17
-1.0,1,Can,B,-2,14:30:00,2100,8858,1,AAL,2024-06-17
-0.8,2,Can,A,1,10:30:00,500,26513,5,AAL,2024-06-17
-0.8,1,Can,B,-2,10:00:00,5804,492322141,8,AAL,2024-06-17
-0.8,1,Add,A,1,12:30:00,18794,87631387,17,AAL,2024-06-17
-0.19999999999999996,2,Can,A,1,12:00:00,6662,45848,6,AAL,2024-06-17
-1.0,1,Add,B,-2,12:00:00,1800,12531,3,AAL,2024-06-17
0.8,1,Can,A,2,14:00:00,11356,3984927666,21,AAL,2024-06-17
0.6000000000000001,1,Add,A,1,13:00:00,2300,316452980,4,AAL,2024-06-17
-0.6,1,Add,A,2,15:00:00,1342,7406814141,9,AAL,2024-06-17
-0.6,1,Can,B,-2,10:00:00,12900,2913098498,11,AAL,2024-06-17
0.6000000000000001,1,Add,B,-2,12:00:00,1836,2386231048,3,AAL,2024-06-17
-0.19999999999999996,1,Add,B,-2,10:30:00,15354,9098065272,17,AAL,2024-06-17
-0.19999999999999996,1,Can,B,-1,14:30:00,146647,56751493016,149,AAL,2024-06-17
-1.0,1,Add,A,1,15:00:00,187445,1822008703,210,AAL,2024-06-17
-0.6,1,Can,B,-2,14:30:00,4300,1148559217,7,AAL,2024-06-17
0.0,1,Can,A,2,13:30:00,51474,21869639405,41,AAL,2024-06-17
-0.4,1,Add,A,1,11:00:00,126925,81587280547,152,AAL,2024-06-17
0.19999999999999996,2,Can,B,-1,10:00:00,1100,71570,11,AAL,2024-06-17
0.3999999999999999,2,Add,A,1,11:00:00,6106,370567,5,AAL,2024-06-17
-0.4,1,Trd_All,B,-1,14:00:00,9778,35787,1,AAL,2024-06-17
0.8,1,Can,B,-1,10:00:00,158658,12219726377,252,AAL,2024-06-17
0.0,2,Can,B,-1,11:00:00,543,8162,3,AAL,2024-06-17
0.8,1,Add,B,-1,14:30:00,11120,108105,12,AAL,2024-06-17
0.3999999999999999,2,Can,B,-1,10:00:00,5568,142182,18,AAL,2024-06-17
-0.4,2,Can,A,1,10:30:00,60978,16482090,47,AAL,2024-06-17
-0.6,2,Can,A,1,13:30:00,33582,6755069,21,AAL,2024-06-17
-1.0,1,Can,A,-2,15:00:00,466,5983,2,AAL,2024-06-17
-1.0,1,Can,B,-2,10:30:00,13057,8223302654,27,AAL,2024-06-17
-0.6,2,Create_Bid,B,0,11:30:00,400,65493,4,AAL,2024-06-17
-0.8,1,Can,B,-1,10:30:00,90289,26255603886,76,AAL,2024-06-17
-0.4,1,Add,A,2,11:30:00,1587,179143,2,AAL,2024-06-17
-0.8,1,Add,B,-2,11:30:00,18013,690012437,5,AAL,2024-06-17
-0.8,1,Can,A,1,13:30:00,290844,49398896561,150,AAL,2024-06-17
-0.19999999999999996,1,Can,A,2,12:00:00,25190,7104916657,25,AAL,2024-06-17
0.6000000000000001,2,Add,B,-1,14:00:00,25310,86083,11,AAL,2024-06-17
0.0,1,Can,B,2,12:30:00,3500,2694,1,AAL,2024-06-17
0.3999999999999999,1,Add,A,1,12:00:00,137704,84867652159,140,AAL,2024-06-17
0.3999999999999999,1,Add,B,-2,11:30:00,10685,3860449061,11,AAL,2024-06-17
-0.19999999999999996,1,Can,B,-1,11:30:00,169098,119988490786,185,AAL,2024-06-17
-0.6,1,Can,B,-2,10:30:00,40985,10867615647,25,AAL,2024-06-17
0.3999999999999999,1,Can,A,2,15:00:00,2081,1060972597,11,AAL,2024-06-17
-0.19999999999999996,1,Add,B,-2,14:30:00,2515,7546944708,14,AAL,2024-06-17
0.0,2,Add,A,1,10:00:00,56631,6984542,82,AAL,2024-06-17
-0.4,2,Create_Ask,A,0,14:00:00,6800,7890,1,AAL,2024-06-17
-0.6,1,Trd_All,B,-1,10:30:00,5116,28457,1,AAL,2024-06-17
0.3999999999999999,2,Add,A,2,12:30:00,1700,51986,1,AAL,2024-06-17
-0.4,1,Can,A,2,12:30:00,202606,91550645921,133,AAL,2024-06-17
-0.4,1,Add,B,-1,10:00:00,126959,45026950354,147,AAL,2024-06-17
0.3999999999999999,2,Add,B,-1,12:00:00,17800,68946,11,AAL,2024-06-17
0.0,1,Add,A,2,13:30:00,46749,14554341695,29,AAL,2024-06-17
0.0,2,Can,B,-1,10:30:00,800,49255,8,AAL,2024-06-17
0.0,2,Trd,A,1,14:00:00,341,7801,1,AAL,2024-06-17
-0.19999999999999996,1,Can,A,2,13:00:00,105405,28995641792,56,AAL,2024-06-17
-1.0,1,Can,A,1,12:30:00,29798,2575648,22,AAL,2024-06-17
-1.0,1,Can,B,-1,14:00:00,4500,624131348,10,AAL,2024-06-17
0.3999999999999999,1,Can,A,1,13:30:00,14303,124026737,9,AAL,2024-06-17
-0.19999999999999996,2,Add,B,-1,14:30:00,6900,20377,3,AAL,2024-06-17
0.0,2,Add,A,1,14:00:00,820,61771,6,AAL,2024-06-17
-0.8,1,Can,B,-2,11:30:00,2785,3126145606,7,AAL,2024-06-17
0.6000000000000001,1,Can,B,-2,13:00:00,600,33879159,1,AAL,2024-06-17
0.3999999999999999,1,Can,A,2,14:00:00,2048,2289778,8,AAL,2024-06-17
-0.8,1,Add,B,-2,13:00:00,1600,327352724,4,AAL,2024-06-17
0.3999999999999999,1,Add,B,-2,10:30:00,20592,11686806353,8,AAL,2024-06-17
-0.8,1,Trd,A,1,10:30:00,2806,2089708657,6,AAL,2024-06-17
0.19999999999999996,1,Trd,B,-1,11:30:00,1282,166652,1,AAL,2024-06-17
-0.4,2,Create_Bid,B,0,14:00:00,1000,85154,6,AAL,2024-06-17
-0.8,1,Can,A,2,10:30:00,10,18546447,1,AAL,2024-06-17
0.3999999999999999,2,Can,A,1,13:30:00,11600,61459,1,AAL,2024-06-17
-0.6,1,Can,A,2,13:00:00,82200,33274113501,44,AAL,2024-06-17
-0.8,1,Trd_All,B,-1,11:30:00,3700,887416,1,AAL,2024-06-17
-0.19999999999999996,1,Trd,B,-1,15:00:00,245,1169679928,3,AAL,2024-06-17
-0.8,1,Add,A,1,15:00:00,91264,5805389200,81,AAL,2024-06-17
-0.6,1,Add,B,-2,12:30:00,14210,4861998940,13,AAL,2024-06-17
-0.19999999999999996,2,Can,B,-1,14:00:00,33817,53326254,22,AAL,2024-06-17
0.3999999999999999,1,Can,B,-2,10:30:00,6048,11764149491,10,AAL,2024-06-17
0.6000000000000001,2,Add,A,1,15:00:00,3710,1903371,1,AAL,2024-06-17
-0.8,1,Add,B,-1,12:30:00,8300,33200916,6,AAL,2024-06-17
-0.6,2,Can,A,1,10:00:00,600,32097,4,AAL,2024-06-17
-0.4,1,Can,A,2,13:00:00,22710,5626515816,14,AAL,2024-06-17
0.0,1,Trd,A,1,14:30:00,27063,1006058948,3,AAL,2024-06-17
-0.8,1,Can,B,-2,12:30:00,2600,536690093,7,AAL,2024-06-17
-1.0,1,Can,B,-2,11:00:00,300,1885419952,3,AAL,2024-06-17
-0.4,1,Add,B,-2,12:00:00,13496,15160719979,12,AAL,2024-06-17
0.8,1,Can,B,-1,14:00:00,202939,581167260,175,AAL,2024-06-17
-0.19999999999999996,1,Trd,A,1,14:00:00,48368,3512639817,36,AAL,2024-06-17
-0.4,2,Can,A,1,14:00:00,26610,768173,22,AAL,2024-06-17
0.0,2,Add,A,1,13:30:00,100,120543,1,AAL,2024-06-17
-0.4,1,Add,B,-2,10:30:00,20859,9406994381,9,AAL,2024-06-17
0.19999999999999996,2,Create_Ask,A,0,12:00:00,200,8048,1,AAL,2024-06-17
-0.19999999999999996,1,Add,B,-2,12:00:00,8700,528818710,8,AAL,2024-06-17
0.19999999999999996,2,Add,A,1,13:00:00,700,9801,2,AAL,2024-06-17
0.0,1,Add,B,-1,11:00:00,125247,81212717562,115,AAL,2024-06-17
-0.19999999999999996,1,Add,B,-2,12:30:00,4201,502652221,7,AAL,2024-06-17
0.19999999999999996,2,Create_Ask,A,0,11:30:00,400,9137,2,AAL,2024-06-17
0.19999999999999996,1,Can,A,1,14:30:00,141461,119137053749,257,AAL,2024-06-17
0.8,1,Can,A,2,15:00:00,1409,80337265,8,AAL,2024-06-17
-0.19999999999999996,1,Trd,A,1,11:30:00,1333,300585234,1,AAL,2024-06-17
0.3999999999999999,1,Can,A,2,12:30:00,939,1810929001,12,AAL,2024-06-17
-0.19999999999999996,1,Can,B,-2,10:00:00,15086,4316634673,11,AAL,2024-06-17
-0.6,1,Trd,B,-1,14:30:00,3620,11988055673,9,AAL,2024-06-17
0.19999999999999996,1,Can,B,-1,14:00:00,197785,31391699953,114,AAL,2024-06-17
-0.4,2,Create_Bid,B,0,13:00:00,300,26261,2,AAL,2024-06-17
-0.6,1,Trd,B,-1,13:00:00,200,5189605028,2,AAL,2024-06-17
0.6000000000000001,1,Can,B,-2,12:00:00,4495,2507263028,6,AAL,2024-06-17
-0.8,1,Add,B,-1,11:30:00,30046,17320072921,28,AAL,2024-06-17
-0.6,2,Add,A,1,10:00:00,18173,187280,17,AAL,2024-06-17
0.19999999999999996,2,Add,B,-1,10:00:00,17286,337868,23,AAL,2024-06-17
-1.0,1,Trd_All,B,-1,11:00:00,3005,208390,12,AAL,2024-06-17
-0.4,1,Can,A,1,11:00:00,131494,66819686210,107,AAL,2024-06-17
-0.4,2,Add,A,1,13:00:00,8749,25916,6,AAL,2024-06-17
0.0,2,Add,B,-1,14:00:00,43092,12026407,25,AAL,2024-06-17
0.0,2,Can,A,1,10:00:00,3062,1393308,17,AAL,2024-06-17
-0.4,1,Trd,A,1,10:00:00,89,123694481,1,AAL,2024-06-17
-1.0,1,Can,A,1,13:30:00,492813,784459921,475,AAL,2024-06-17
-0.19999999999999996,1,Add,B,-1,12:00:00,86919,26955566536,60,AAL,2024-06-17
-0.6,2,Add,B,-1,14:00:00,100,7274,1,AAL,2024-06-17
-0.4,2,Can,B,-2,12:30:00,1,4941,1,AAL,2024-06-17
-0.4,1,Add,A,1,15:00:00,204468,251479780342,463,AAL,2024-06-17
0.6000000000000001,1,Add,B,-2,14:00:00,1100,2604058148,2,AAL,2024-06-17
0.6000000000000001,2,Create_Bid,B,0,11:30:00,8200,120479,3,AAL,2024-06-17
0.19999999999999996,1,Can,A,2,11:30:00,2237,1625397597,12,AAL,2024-06-17
0.3999999999999999,1,Trd_All,A,1,10:30:00,13076,14958,2,AAL,2024-06-17
-0.8,1,Add,A,2,13:00:00,7700,18157911,4,AAL,2024-06-17
0.0,2,Add,B,-1,11:30:00,30496,68848,14,AAL,2024-06-17
-0.19999999999999996,2,Can,A,1,15:00:00,100,7678,1,AAL,2024-06-17
0.0,1,Add,A,1,14:30:00,110631,234583692199,342,AAL,2024-06-17
0.0,1,Add,A,2,11:00:00,7331,14341455157,18,AAL,2024-06-17
-0.4,2,Add,A,1,12:30:00,45099,656027,31,AAL,2024-06-17
-0.4,1,Can,A,2,13:30:00,12636,7519364317,23,AAL,2024-06-17
0.6000000000000001,1,Add,A,1,11:30:00,21642,29503515598,48,AAL,2024-06-17
-0.19999999999999996,1,Can,B,-1,14:00:00,182868,37611856674,196,AAL,2024-06-17
-0.19999999999999996,1,Add,B,-2,11:30:00,1489,8569525186,11,AAL,2024-06-17
-0.6,2,Can,A,1,14:00:00,6300,63430,3,AAL,2024-06-17
-0.6,1,Add,B,-1,14:00:00,152931,59343523725,146,AAL,2024-06-17
0.8,1,Trd,B,-1,10:30:00,1307,424338,2,AAL,2024-06-17
-0.6,1,Add,A,1,11:30:00,80695,38097875115,74,AAL,2024-06-17
-0.19999999999999996,1,Can,A,1,13:30:00,99096,41528772409,82,AAL,2024-06-17
-0.8,1,Add,A,1,11:00:00,85125,26234851026,71,AAL,2024-06-17
0.3999999999999999,1,Can,A,2,14:30:00,1105,1594441223,3,AAL,2024-06-17
0.6000000000000001,2,Can,B,-1,13:00:00,10794,80576,3,AAL,2024-06-17
0.0,1,Can,A,1,13:30:00,55191,37086304079,63,AAL,2024-06-17
-0.19999999999999996,1,Can,A,1,14:30:00,102416,71427207608,173,AAL,2024-06-17
-0.19999999999999996,1,Can,A,2,15:00:00,15829,5995619315,26,AAL,2024-06-17
0.19999999999999996,1,Add,A,2,13:30:00,26600,1470807489,15,AAL,2024-06-17
-1.0,1,Add,B,-2,13:30:00,11100,17275054,8,AAL,2024-06-17
0.8,1,Can,B,2,10:00:00,309,34085,3,AAL,2024-06-17
0.19999999999999996,2,Create_Ask,A,0,11:00:00,201,27878,2,AAL,2024-06-17
0.0,2,Add,B,-1,12:00:00,4537,38801,6,AAL,2024-06-17
0.19999999999999996,1,Add,B,-2,13:00:00,6426,3755377676,13,AAL,2024-06-17
-0.19999999999999996,1,Trd,B,-1,12:30:00,750,1169177597,6,AAL,2024-06-17
-1.0,1,Trd_All,B,-1,13:00:00,200,1254,1,AAL,2024-06-17
0.19999999999999996,1,Add,B,-2,13:30:00,5400,111738805,5,AAL,2024-06-17
-0.6,1,Can,B,-1,14:30:00,46340,15869363774,40,AAL,2024-06-17
0.3999999999999999,2,Add,A,2,15:00:00,200,22857,1,AAL,2024-06-17
-0.19999999999999996,1,Trd,A,1,10:00:00,265,77191,1,AAL,2024-06-17
-0.4,1,Trd_All,B,-1,14:30:00,12932,686365189,1,AAL,2024-06-17
0.8,1,Add,A,1,14:30:00,19120,49678,8,AAL,2024-06-17
0.6000000000000001,2,Can,A,1,10:00:00,1460,157942,4,AAL,2024-06-17
-0.19999999999999996,2,Can,B,-2,10:30:00,900,69652626,3,AAL,2024-06-17
0.3999999999999999,2,Create_Ask,A,0,14:00:00,200,3540,1,AAL,2024-06-17
0.3999999999999999,1,Trd_All,A,1,10:00:00,1162,1193,1,AAL,2024-06-17
-0.8,2,Add,A,1,10:30:00,19808,72738,19,AAL,2024-06-17
0.19999999999999996,1,Trd,B,-1,10:00:00,5258,5649939259,5,AAL,2024-06-17
0.3999999999999999,1,Trd,A,1,13:30:00,14,1201603,2,AAL,2024-06-17
-0.4,2,Create_Ask,A,0,15:00:00,200,411,1,AAL,2024-06-17
0.3999999999999999,1,Can,B,-1,10:00:00,289065,39752206490,246,AAL,2024-06-17
-0.4,2,Add,B,-1,10:30:00,7299,677148,10,AAL,2024-06-17
-0.8,1,Can,A,2,13:30:00,46746,15531707524,34,AAL,2024-06-17
0.0,2,Create_Ask,A,0,15:00:00,200,1301,1,AAL,2024-06-17
-0.19999999999999996,1,Can,A,2,12:30:00,69016,37505819046,70,AAL,2024-06-17
-0.8,2,Add,A,1,11:30:00,7243,126433,3,AAL,2024-06-17
0.3999999999999999,2,Add,B,-1,14:00:00,71693,618954,42,AAL,2024-06-17
-0.19999999999999996,1,Add,A,2,12:00:00,24390,5286882149,15,AAL,2024-06-17
-0.6,1,Add,A,1,13:00:00,117127,103540702357,128,AAL,2024-06-17
-0.19999999999999996,1,Add,A,2,10:00:00,21043,10522340724,23,AAL,2024-06-17
-0.8,2,Add,A,1,11:00:00,37530,266173,19,AAL,2024-06-17
0.3999999999999999,1,Add,B,-1,10:00:00,195497,33028240396,185,AAL,2024-06-17
0.3999999999999999,1,Trd,B,-1,12:30:00,1206,2128520492,8,AAL,2024-06-17
0.6000000000000001,2,Can,A,1,12:00:00,2300,9197,1,AAL,2024-06-17
0.19999999999999996,1,Can,A,2,12:00:00,23238,24472090046,39,AAL,2024-06-17
0.3999999999999999,2,Can,A,2,11:00:00,100,5507,1,AAL,2024-06-17
-0.19999999999999996,1,Trd,A,1,11:00:00,1146,1203887052,2,AAL,2024-06-17
-0.6,2,Add,A,1,12:00:00,30783,226494,21,AAL,2024-06-17
0.0,1,Can,A,1,11:30:00,72649,28562141171,85,AAL,2024-06-17
0.19999999999999996,2,Create_Bid,B,0,15:00:00,6800,6288,1,AAL,2024-06-17
-1.0,1,Add,A,1,14:30:00,77751,556214,64,AAL,2024-06-17
-0.4,2,Add,A,1,10:00:00,39775,904994,52,AAL,2024-06-17
0.6000000000000001,1,Add,B,-1,12:30:00,39012,13819449145,28,AAL,2024-06-17
-0.8,1,Can,B,-1,11:00:00,32067,15980890943,33,AAL,2024-06-17
0.3999999999999999,1,Trd,A,1,11:00:00,4337,3640,1,AAL,2024-06-17
0.8,1,Can,A,1,10:30:00,3485,955753609,14,AAL,2024-06-17
-0.4,1,Can,B,-1,15:00:00,243381,62911993629,200,AAL,2024-06-17
0.19999999999999996,1,Add,A,2,14:00:00,4411,9453495764,12,AAL,2024-06-17
-0.4,1,Can,B,-2,14:00:00,13567,13467482323,31,AAL,2024-06-17
-1.0,1,Trd_All,B,-1,15:00:00,2764,375637,9,AAL,2024-06-17
-0.4,2,Can,B,-1,10:30:00,368,55814,2,AAL,2024-06-17
0.3999999999999999,1,Add,A,1,11:00:00,24019,27185149801,41,AAL,2024-06-17
-0.19999999999999996,1,Add,A,2,11:00:00,3866,9660861312,18,AAL,2024-06-17
0.0,1,Add,B,-2,13:00:00,19191,6007448251,23,AAL,2024-06-17
0.8,1,Trd_All,A,1,13:00:00,2162,17435,2,AAL,2024-06-17
0.19999999999999996,1,Can,B,-1,11:00:00,145559,27017456112,54,AAL,2024-06-17
-0.19999999999999996,1,Add,B,-1,14:00:00,225259,49223383401,217,AAL,2024-06-17
-0.8,1,Add,B,-1,13:00:00,22603,15813430379,22,AAL,2024-06-17
0.19999999999999996,2,Add,B,-1,13:30:00,88187,217909993,49,AAL,2024-06-17
-0.19999999999999996,1,Trd_All,A,1,10:00:00,9540,81940,1,AAL,2024-06-17
-0.4,1,Trd,B,-1,10:00:00,2436,1187022519,3,AAL,2024-06-17
0.8,1,Add,A,1,13:30:00,7190,50638,8,AAL,2024-06-17
-0.8,1,Add,A,1,13:30:00,212072,100269166346,161,AAL,2024-06-17
-0.4,2,Add,B,-1,11:00:00,4200,289827,3,AAL,2024-06-17
0.3999999999999999,2,Create_Bid,B,0,10:30:00,10900,42716,5,AAL,2024-06-17
-0.8,1,Add,B,-1,10:30:00,109903,40626745394,108,AAL,2024-06-17
0.0,2,Create_Bid,B,0,14:00:00,100,14984,1,AAL,2024-06-17
0.8,1,Add,B,-2,12:30:00,300,149703,1,AAL,2024-06-17
0.19999999999999996,2,Can,A,1,10:30:00,400,10443,2,AAL,2024-06-17
0.19999999999999996,1,Add,A,1,10:00:00,179379,114846980428,250,AAL,2024-06-17
-0.19999999999999996,1,Can,B,-2,15:00:00,16691,12615023229,24,AAL,2024-06-17
0.3999999999999999,1,Can,A,2,13:30:00,9500,16460634,5,AAL,2024-06-17
-0.8,2,Create_Ask,A,0,10:00:00,100,2521,1,AAL,2024-06-17
0.3999999999999999,1,Can,A,1,12:30:00,55249,17686977175,43,AAL,2024-06-17
-1.0,1,Can,B,-1,15:00:00,17732,615615579,14,AAL,2024-06-17
-0.19999999999999996,2,Can,A,1,10:00:00,14019,20716067,33,AAL,2024-06-17
-1.0,1,Add,B,-2,13:00:00,11175,174648,7,AAL,2024-06-17
0.6000000000000001,2,Add,A,1,10:30:00,300,168867,1,AAL,2024-06-17
-0.6,1,Can,A,2,14:30:00,207,630571061,3,AAL,2024-06-17
0.19999999999999996,2,Can,A,2,12:00:00,2100,26446,1,AAL,2024-06-17
0.8,1,Add,A,2,13:30:00,4046,8824415,2,AAL,2024-06-17
-0.6,1,Can,B,-1,14:00:00,82344,32074458067,93,AAL,2024-06-17
0.8,1,Add,A,2,12:30:00,200,34593,1,AAL,2024-06-17
0.3999999999999999,1,Add,A,1,15:00:00,20486,14050716741,58,AAL,2024-06-17
-0.8,1,Can,B,-2,15:00:00,1991,923639164,4,AAL,2024-06-17
0.19999999999999996,1,Can,B,-2,10:30:00,50280,8195469468,40,AAL,2024-06-17
0.0,1,Can,B,-2,14:30:00,11379,13445525128,33,AAL,2024-06-17
0.19999999999999996,1,Can,A,2,13:30:00,30076,3388109324,16,AAL,2024-06-17
-0.8,2,Add,B,-2,12:30:00,100,38759,1,AAL,2024-06-17
-0.19999999999999996,1,Can,B,-2,10:30:00,28785,1604079455,38,AAL,2024-06-17
0.6000000000000001,1,Trd_All,A,1,14:00:00,16119,21057,3,AAL,2024-06-17
-0.19999999999999996,1,Add,A,2,14:00:00,191777,37755224986,126,AAL,2024-06-17
-0.8,2,Create_Bid,B,0,10:30:00,1100,39769,7,AAL,2024-06-17
-0.6,1,Can,B,-1,10:30:00,116920,50722850712,111,AAL,2024-06-17
-1.0,1,Trd,A,1,11:30:00,170,2762816,1,AAL,2024-06-17
0.6000000000000001,1,Trd,A,1,15:00:00,3464,178028,5,AAL,2024-06-17
0.19999999999999996,1,Add,A,1,13:30:00,22731,6652058558,31,AAL,2024-06-17
0.0,1,Add,B,-2,12:00:00,8242,8953942502,10,AAL,2024-06-17
-0.4,1,Add,A,1,10:00:00,104911,23105853786,123,AAL,2024-06-17
0.19999999999999996,2,Create_Bid,B,0,12:00:00,6200,3508,1,AAL,2024-06-17
-0.4,1,Can,B,-2,15:00:00,12690,12959402902,35,AAL,2024-06-17
-0.4,1,Add,B,-1,10:30:00,81776,46623108200,109,AAL,2024-06-17
-0.6,1,Can,B,-2,14:00:00,5614,5349956319,20,AAL,2024-06-17
-0.6,1,Add,A,2,14:00:00,41946,21842103808,27,AAL,2024-06-17
0.6000000000000001,1,Trd,A,1,13:00:00,5091,1564691216,4,AAL,2024-06-17
-0.4,1,Can,A,2,10:00:00,11971,5132589387,20,AAL,2024-06-17
0.6000000000000001,1,Can,B,-1,12:30:00,74162,2819045748,41,AAL,2024-06-17
-0.8,1,Can,B,-2,11:00:00,3404,3060430516,7,AAL,2024-06-17
-0.4,1,Add,B,-2,11:30:00,10099,7591738161,10,AAL,2024-06-17
0.0,2,Trd,B,-1,10:00:00,200,1025,1,AAL,2024-06-17
-0.6,1,Add,B,-1,10:00:00,115231,42024364221,110,AAL,2024-06-17
-0.4,2,Add,B,-1,10:00:00,5954,140350,7,AAL,2024-06-17
-0.4,2,Can,A,1,10:00:00,10193,1268440,21,AAL,2024-06-17
0.0,1,Can,B,-2,14:00:00,27429,3585421668,28,AAL,2024-06-17
-0.6,1,Trd,B,-1,14:00:00,7236,9648562667,18,AAL,2024-06-17
-0.8,1,Trd,B,-1,14:00:00,1919,2349291599,6,AAL,2024-06-17
0.0,2,Create_Ask,A,0,14:00:00,4,201687,2,AAL,2024-06-17
-0.8,1,Add,A,1,10:30:00,161167,24957228468,193,AAL,2024-06-17
-0.4,1,Trd_All,B,-1,10:30:00,14646,69310,2,AAL,2024-06-17
0.0,2,Add,B,-2,12:30:00,4430,5405,1,AAL,2024-06-17
-0.4,2,Add,A,1,11:30:00,44264,216266,32,AAL,2024-06-17
-0.8,1,Can,B,-2,14:00:00,100,433476386,1,AAL,2024-06-17
-0.8,1,Trd_All,B,-1,11:00:00,3148,8923,1,AAL,2024-06-17
-0.4,1,Can,A,2,11:00:00,13581,5576835300,25,AAL,2024-06-17
0.3999999999999999,2,Create_Bid,B,0,13:00:00,5800,14234,1,AAL,2024-06-17
-0.8,2,Create_Bid,B,0,11:30:00,400,25362,4,AAL,2024-06-17
0.19999999999999996,1,Add,A,2,11:30:00,11265,9535659344,13,AAL,2024-06-17
0.19999999999999996,2,Can,A,1,11:30:00,122,4179,2,AAL,2024-06-17
0.3999999999999999,1,Add,A,1,13:00:00,12700,5857462762,6,AAL,2024-06-17
-0.8,1,Can,A,2,14:00:00,13660,7260586334,11,AAL,2024-06-17
0.6000000000000001,1,Can,B,-2,14:30:00,2000,2173229,1,AAL,2024-06-17
-0.19999999999999996,1,Can,B,2,13:00:00,30,70514,1,AAL,2024-06-17
0.6000000000000001,1,Add,A,1,10:00:00,137560,59776415428,184,AAL,2024-06-17
0.6000000000000001,1,Can,B,-2,11:30:00,5003,5132652295,11,AAL,2024-06-17
0.3999999999999999,2,Add,B,-1,13:00:00,39558,248401,21,AAL,2024-06-17
-0.8,2,Can,A,1,13:30:00,4400,13329,3,AAL,2024-06-17
0.3999999999999999,2,Trd,B,-1,11:00:00,1221,46317,2,AAL,2024-06-17
0.6000000000000001,1,Add,B,-1,12:00:00,102459,16562505753,74,AAL,2024-06-17
-0.19999999999999996,1,Can,A,1,14:00:00,247516,136925166860,311,AAL,2024-06-17
-0.6,2,Create_Ask,A,0,11:00:00,3900,2892,1,AAL,2024-06-17
0.3999999999999999,2,Add,B,-1,12:30:00,72762,331161,39,AAL,2024-06-17
0.3999999999999999,2,Trd,B,-1,13:30:00,300,108821,2,AAL,2024-06-17
0.19999999999999996,2,Add,A,1,13:30:00,5346,1942442,6,AAL,2024-06-17
-0.6,1,Trd_All,B,-1,14:00:00,7375,139088,1,AAL,2024-06-17
0.8,1,Add,A,2,10:00:00,6093,741537028,14,AAL,2024-06-17
-0.19999999999999996,1,Can,B,-2,12:00:00,15140,8134368057,20,AAL,2024-06-17
0.8,1,Can,B,-1,12:00:00,77211,521997,59,AAL,2024-06-17
-0.19999999999999996,1,Can,B,-1,13:30:00,249293,133466796655,204,AAL,2024-06-17
-0.8,1,Add,B,-1,12:00:00,2666,136909,6,AAL,2024-06-17
-0.19999999999999996,1,Can,B,-2,13:30:00,16650,2537533330,27,AAL,2024-06-17
-0.8,1,Trd,A,1,15:00:00,834,1909300146,7,AAL,2024-06-17
0.6000000000000001,1,Add,B,-1,11:30:00,118001,51240794729,83,AAL,2024-06-17
-0.4,2,Add,A,1,11:00:00,67894,2249764,40,AAL,2024-06-17
-0.6,1,Can,A,2,12:30:00,13428,4669929761,16,AAL,2024-06-17
-0.6,1,Can,B,-1,11:00:00,76561,31363628493,80,AAL,2024-06-17
-1.0,1,Trd,B,-1,13:00:00,3383,456491,9,AAL,2024-06-17
0.3999999999999999,1,Add,B,-1,15:00:00,66043,2506011726,27,AAL,2024-06-17
0.8,1,Add,B,-1,12:30:00,46381,241568,31,AAL,2024-06-17
0.0,2,Add,B,-1,10:00:00,12700,19487465,16,AAL,2024-06-17
0.6000000000000001,1,Add,B,-1,15:00:00,35071,18381462,41,AAL,2024-06-17
-0.4,1,Add,B,-1,15:00:00,223551,100169906467,235,AAL,2024-06-17
-0.6,1,Trd,B,-1,13:30:00,5384,3628121239,10,AAL,2024-06-17
-1.0,1,Add,A,1,10:30:00,389219,26969203249,438,AAL,2024-06-17
-1.0,1,Trd,B,-1,13:30:00,32620,423228598,49,AAL,2024-06-17
-0.4,1,Add,A,2,14:30:00,1037,3249403663,4,AAL,2024-06-17
-0.4,1,Trd_All,A,1,11:00:00,20070,231052,1,AAL,2024-06-17
-0.19999999999999996,2,Create_Ask,A,0,14:00:00,202,57722,3,AAL,2024-06-17
0.6000000000000001,1,Add,A,1,15:00:00,9047,1115715199,19,AAL,2024-06-17
0.0,1,Can,A,1,11:00:00,142251,52151127641,119,AAL,2024-06-17
-0.4,2,Create_Bid,B,0,13:30:00,1900,184111,16,AAL,2024-06-17
-0.19999999999999996,2,Add,B,-1,12:30:00,1300,46360,5,AAL,2024-06-17
0.0,1,Trd,A,1,10:00:00,39,161513996,1,AAL,2024-06-17
-0.8,1,Add,A,1,11:30:00,45512,24451964156,57,AAL,2024-06-17
0.19999999999999996,1,Add,A,2,15:00:00,1803,2841445086,10,AAL,2024-06-17
0.6000000000000001,1,Trd,A,1,14:30:00,4916,24605,3,AAL,2024-06-17
0.6000000000000001,1,Can,A,1,11:00:00,13465,6680595053,19,AAL,2024-06-17
-0.8,1,Can,B,-2,13:00:00,2100,5856,1,AAL,2024-06-17
0.19999999999999996,2,Add,A,1,10:30:00,5700,70400,7,AAL,2024-06-17
0.0,2,Can,A,1,12:00:00,351,15305,2,AAL,2024-06-17
-0.19999999999999996,2,Can,B,-1,11:00:00,900,4577,1,AAL,2024-06-17
0.8,1,Can,A,1,11:00:00,1141,68240693,4,AAL,2024-06-17
0.0,1,Add,A,2,11:30:00,6514,7116900422,12,AAL,2024-06-17
0.3999999999999999,1,Add,B,-2,11:00:00,607,2859446323,5,AAL,2024-06-17
0.3999999999999999,2,Can,A,1,10:30:00,100,3256,1,AAL,2024-06-17
-1.0,1,Can,A,1,10:00:00,193771,9641139425,286,AAL,2024-06-17
-0.4,1,Can,A,1,11:30:00,221929,67760810358,122,AAL,2024-06-17
-0.6,2,Add,B,-1,13:30:00,200,11800631,2,AAL,2024-06-17
-0.19999999999999996,2,Add,A,1,14:30:00,12000,27618,6,AAL,2024-06-17
-1.0,1,Can,B,-2,15:00:00,11300,8965447,4,AAL,2024-06-17
-0.19999999999999996,1,Can,B,-2,14:30:00,7345,6495651407,22,AAL,2024-06-17
-0.19999999999999996,1,Add,A,1,11:00:00,128960,73856874727,131,AAL,2024-06-17
0.6000000000000001,1,Can,A,1,10:00:00,117264,34633244077,154,AAL,2024-06-17
-0.6,1,Add,A,2,12:00:00,400,40738310,4,AAL,2024-06-17
-0.6,1,Add,B,-1,13:00:00,33253,50459392266,59,AAL,2024-06-17
-0.6,2,Can,B,-1,15:00:00,400,2533,1,AAL,2024-06-17
0.6000000000000001,1,Can,A,1,13:00:00,2344,718536757,4,AAL,2024-06-17
-0.8,1,Add,A,1,10:00:00,84912,29355288167,106,AAL,2024-06-17
0.19999999999999996,1,Can,A,2,15:00:00,8081,11110414234,12,AAL,2024-06-17
0.8,1,Can,A,1,12:00:00,200,2957,1,AAL,2024-06-17
0.6000000000000001,2,Can,B,-1,14:00:00,5930,79211,7,AAL,2024-06-17
0.19999999999999996,2,Can,B,-1,10:30:00,7605,52320,12,AAL,2024-06-17
-0.8,1,Add,A,2,11:00:00,2005,909038600,2,AAL,2024-06-17
0.19999999999999996,2,Create_Bid,B,0,13:00:00,7900,22233,2,AAL,2024-06-17
0.3999999999999999,1,Can,A,2,10:30:00,21011,6936400258,26,AAL,2024-06-17
0.19999999999999996,1,Add,A,1,12:00:00,160228,139238274238,168,AAL,2024-06-17
0.19999999999999996,2,Can,B,-1,12:30:00,1100,48522,5,AAL,2024-06-17
0.8,1,Trd,B,-1,14:00:00,11575,1404422587,12,AAL,2024-06-17
-0.4,1,Trd,B,-1,10:30:00,11046,6554544717,26,AAL,2024-06-17
-0.4,2,Create_Bid,B,0,12:30:00,800,18009,4,AAL,2024-06-17
-1.0,1,Can,B,2,10:00:00,1504,3318,1,AAL,2024-06-17
-1.0,1,Add,B,-1,14:30:00,2404,76799,11,AAL,2024-06-17
-1.0,1,Trd,B,-1,12:00:00,6769,271479,8,AAL,2024-06-17
-0.6,2,Create_Ask,A,0,11:30:00,5000,108693,2,AAL,2024-06-17
0.6000000000000001,2,Add,B,-1,13:00:00,11200,83031,6,AAL,2024-06-17
-0.8,1,Add,B,-2,14:30:00,2641,116455397,4,AAL,2024-06-17
0.19999999999999996,1,Add,B,-1,10:00:00,211885,35568879461,193,AAL,2024-06-17
-1.0,1,Add,A,1,10:00:00,148096,21907428403,239,AAL,2024-06-17
-0.4,2,Trd,A,1,14:00:00,100,782,1,AAL,2024-06-17
0.3999999999999999,1,Can,A,1,14:30:00,18839,11211113661,67,AAL,2024-06-17
-1.0,1,Add,B,-1,11:30:00,28159,8923216155,38,AAL,2024-06-17
0.6000000000000001,2,Can,B,-1,15:00:00,32163,1210590,21,AAL,2024-06-17
-0.19999999999999996,2,Create_Ask,A,0,11:30:00,5000,35080,2,AAL,2024-06-17
0.3999999999999999,1,Can,B,-2,14:30:00,286,2098506856,2,AAL,2024-06-17
0.3999999999999999,1,Can,A,1,12:00:00,133058,44407897731,122,AAL,2024-06-17
0.19999999999999996,1,Can,B,-1,15:00:00,87782,9549909859,57,AAL,2024-06-17
-0.6,1,Add,A,1,15:00:00,133438,111525477355,227,AAL,2024-06-17
-1.0,1,Can,B,-1,13:00:00,1300,3005156,6,AAL,2024-06-17
0.19999999999999996,2,Add,B,-1,12:30:00,35312,121971,23,AAL,2024-06-17
0.8,1,Can,B,-1,15:00:00,61702,31463345,60,AAL,2024-06-17
-0.8,1,Trd,B,-1,12:30:00,1963,764812,3,AAL,2024-06-17
-0.19999999999999996,1,Trd,B,-1,10:30:00,25259,11516477399,20,AAL,2024-06-17
-0.4,2,Can,A,1,11:00:00,19974,3949702,17,AAL,2024-06-17
-0.8,2,Add,A,1,12:00:00,8402,52305,10,AAL,2024-06-17
-0.6,1,Can,B,-2,13:00:00,4494,1879351420,8,AAL,2024-06-17
0.8,1,Add,B,-2,13:30:00,300,10397,1,AAL,2024-06-17
0.0,1,Trd,A,1,11:00:00,31,9029735,2,AAL,2024-06-17
0.19999999999999996,1,Add,A,1,13:00:00,73674,51171775825,73,AAL,2024-06-17
-0.8,1,Can,B,-1,13:30:00,48215,21666542309,67,AAL,2024-06-17
0.19999999999999996,2,Add,A,2,12:00:00,2000,99113,1,AAL,2024-06-17
-0.4,1,Can,A,2,12:00:00,25815,16563334641,28,AAL,2024-06-17
0.19999999999999996,1,Can,B,-1,11:30:00,191112,3585644171,88,AAL,2024-06-17
-1.0,1,Add,B,-1,14:00:00,31305,3547357310,24,AAL,2024-06-17
0.19999999999999996,1,Can,A,1,13:00:00,68593,26739265700,51,AAL,2024-06-17
0.0,1,Can,B,-1,15:00:00,194556,48430668501,183,AAL,2024-06-17
-0.19999999999999996,1,Add,A,1,10:30:00,174030,19495460799,198,AAL,2024-06-17
-0.6,1,Can,B,-2,13:30:00,18463,13983065785,35,AAL,2024-06-17
0.3999999999999999,1,Can,B,-1,15:00:00,57432,780017945,12,AAL,2024-06-17
-0.19999999999999996,2,Can,B,-1,11:30:00,100,13586,1,AAL,2024-06-17
-0.4,2,Add,B,-1,13:30:00,1480,100534,6,AAL,2024-06-17
-0.6,2,Create_Ask,A,0,10:00:00,5100,61902,2,AAL,2024-06-17
-0.19999999999999996,2,Add,A,1,12:30:00,10401,37501,9,AAL,2024-06-17
-0.4,1,Can,B,-2,11:30:00,15608,10734932218,14,AAL,2024-06-17
-0.8,2,Can,B,-1,10:30:00,218,5705,1,AAL,2024-06-17
-0.4,1,Can,A,1,14:30:00,86626,30403650688,118,AAL,2024-06-17
-1.0,1,Can,B,-2,11:30:00,1952,387659285,8,AAL,2024-06-17
0.6000000000000001,1,Add,A,1,13:30:00,2362,39394,2,AAL,2024-06-17
0.0,1,Can,B,-2,11:00:00,26607,11069509912,39,AAL,2024-06-17
-0.6,2,Add,A,1,15:00:00,25346,680447,24,AAL,2024-06-17
-0.19999999999999996,2,Add,A,1,11:30:00,12186,89576,13,AAL,2024-06-17
-1.0,1,Add,A,1,12:30:00,24537,3348647,24,AAL,2024-06-17
-1.0,1,Add,B,-2,10:00:00,12294,1546166090,9,AAL,2024-06-17
-0.8,2,Create_Ask,A,0,11:00:00,3900,2945,1,AAL,2024-06-17
0.3999999999999999,1,Add,B,-2,15:00:00,1700,133514231,3,AAL,2024-06-17
-0.6,1,Add,B,-2,11:00:00,12833,19335429058,23,AAL,2024-06-17
0.6000000000000001,1,Add,A,2,14:30:00,200,141831473,1,AAL,2024-06-17
0.3999999999999999,2,Can,B,-1,11:30:00,46894,475882,40,AAL,2024-06-17
-0.4,1,Can,A,2,14:30:00,9332,15818922987,18,AAL,2024-06-17
0.6000000000000001,1,Trd,B,-1,12:30:00,2291,7001916237,12,AAL,2024-06-17
-0.8,1,Can,B,-1,12:30:00,2600,99553,4,AAL,2024-06-17
0.19999999999999996,1,Trd,B,-1,12:30:00,237,157911594,3,AAL,2024-06-17
-0.6,1,Add,B,-1,11:30:00,68492,79305949810,82,AAL,2024-06-17
-0.4,1,Trd,A,1,11:00:00,400,40828,1,AAL,2024-06-17
0.0,1,Can,B,-1,14:30:00,301759,84925746766,286,AAL,2024-06-17
-0.4,1,Add,A,2,13:30:00,9304,10237297291,8,AAL,2024-06-17
-0.4,1,Can,B,-1,13:30:00,176322,57581324322,101,AAL,2024-06-17
-0.6,2,Create_Bid,B,0,12:30:00,500,33599,3,AAL,2024-06-17
0.3999999999999999,1,Add,B,-2,12:30:00,2507,69885,2,AAL,2024-06-17
0.3999999999999999,2,Create_Bid,B,0,15:00:00,6000,66770,1,AAL,2024-06-17
-0.19999999999999996,1,Add,A,2,11:30:00,1433,11307583767,12,AAL,2024-06-17
-0.8,1,Add,B,-2,12:30:00,100,37578,1,AAL,2024-06-17
-0.19999999999999996,2,Can,A,1,14:00:00,4300,23878,3,AAL,2024-06-17
0.19999999999999996,2,Add,B,-1,11:00:00,59797,245795,40,AAL,2024-06-17
-1.0,1,Can,B,-1,10:00:00,7848,2103258108,16,AAL,2024-06-17
0.19999999999999996,2,Add,A,2,13:00:00,2000,10368,1,AAL,2024-06-17
0.19999999999999996,1,Add,B,-1,15:00:00,54764,16307026737,56,AAL,2024-06-17
-0.6,2,Add,A,1,14:00:00,21000,318123,11,AAL,2024-06-17
-0.6,2,Add,A,2,12:30:00,5117,4581,1,AAL,2024-06-17
-0.6,1,Can,A,2,11:30:00,4933,8157460076,13,AAL,2024-06-17
-1.0,1,Can,A,2,10:30:00,20,3051814346,2,AAL,2024-06-17
-0.8,2,Create_Bid,B,0,15:00:00,200,8299,1,AAL,2024-06-17
-0.19999999999999996,1,Can,A,1,11:00:00,164743,56407441295,113,AAL,2024-06-17
-0.8,1,Add,A,2,10:00:00,556,4011506343,9,AAL,2024-06-17
0.8,1,Add,A,1,14:00:00,64735,7816187873,60,AAL,2024-06-17
-0.19999999999999996,2,Trd,B,-1,14:30:00,4600,1299,1,AAL,2024-06-17
0.19999999999999996,1,Can,B,-1,12:00:00,242266,93904068860,170,AAL,2024-06-17
0.0,1,Add,B,-2,11:30:00,12807,695667854,15,AAL,2024-06-17
0.3999999999999999,2,Can,B,-1,14:30:00,45416,452149,33,AAL,2024-06-17
0.3999999999999999,1,Can,B,-1,12:00:00,349285,48533987639,170,AAL,2024-06-17
-0.6,1,Can,A,2,10:00:00,1786,1140395998,6,AAL,2024-06-17
-0.6,1,Can,A,2,10:30:00,7266,2155781307,11,AAL,2024-06-17
-0.8,1,Can,B,-1,14:00:00,18006,7240560610,22,AAL,2024-06-17
0.19999999999999996,1,Add,A,1,15:00:00,50203,56520767982,111,AAL,2024-06-17
0.19999999999999996,1,Can,A,2,10:00:00,30959,9725331267,58,AAL,2024-06-17
0.3999999999999999,2,Create_Ask,A,0,13:30:00,416,87709,4,AAL,2024-06-17
0.19999999999999996,1,Can,B,-1,13:00:00,280923,64213941629,169,AAL,2024-06-17
-0.19999999999999996,2,Add,B,-1,14:00:00,86058,243770445,40,AAL,2024-06-17
-0.6,2,Create_Bid,B,0,13:30:00,3941,256038,31,AAL,2024-06-17
-0.19999999999999996,1,Trd,B,-1,14:30:00,1100,5005423968,4,AAL,2024-06-17
0.0,2,Can,B,-1,10:00:00,2400,1643,1,AAL,2024-06-17
0.6000000000000001,1,Add,B,-2,10:30:00,120,337209162,2,AAL,2024-06-17
0.8,1,Can,A,1,11:30:00,2567,136655,6,AAL,2024-06-17
-0.4,1,Can,B,-1,14:30:00,126431,42897539902,113,AAL,2024-06-17
-0.6,2,Add,A,1,10:30:00,67504,730747,50,AAL,2024-06-17
-0.19999999999999996,2,Trd,A,1,10:00:00,7754,1102129838,2,AAL,2024-06-17
-0.4,1,Add,A,2,14:00:00,89853,49564317517,63,AAL,2024-06-17
-0.8,1,Add,B,-1,15:00:00,58942,7309341129,45,AAL,2024-06-17
-0.4,1,Can,B,-1,12:30:00,111579,86444974491,100,AAL,2024-06-17
-0.8,1,Trd_All,B,-1,14:00:00,12694,12978,2,AAL,2024-06-17
0.6000000000000001,1,Add,B,-2,15:00:00,1800,78267,2,AAL,2024-06-17
0.3999999999999999,1,Can,A,1,10:00:00,168805,60573355779,215,AAL,2024-06-17
-0.6,1,Can,A,1,12:00:00,64100,5393692568,27,AAL,2024-06-17
-0.8,1,Can,B,-2,10:30:00,20844,13815664803,20,AAL,2024-06-17
0.0,1,Can,A,1,13:00:00,113979,63081569092,101,AAL,2024-06-17
0.3999999999999999,2,Create_Ask,A,0,11:00:00,3100,137889,6,AAL,2024-06-17
-0.8,1,Can,B,-1,13:00:00,4400,1380649528,7,AAL,2024-06-17
0.19999999999999996,1,Add,A,1,11:30:00,42678,8988165483,66,AAL,2024-06-17
0.6000000000000001,2,Can,B,-1,10:00:00,13069,150523,22,AAL,2024-06-17
-0.19999999999999996,1,Can,B,-1,11:00:00,158022,70843889951,113,AAL,2024-06-17
0.6000000000000001,1,Can,A,1,14:30:00,2102,95633610,4,AAL,2024-06-17
0.0,2,Add,A,1,14:30:00,3300,1454165,8,AAL,2024-06-17
-0.6,2,Create_Ask,A,0,14:00:00,6801,90288,2,AAL,2024-06-17
0.6000000000000001,2,Add,A,1,10:00:00,570,53507,4,AAL,2024-06-17
0.3999999999999999,1,Add,A,1,10:00:00,207968,67931708070,239,AAL,2024-06-17
-1.0,1,Can,A,-2,13:30:00,377,11369,2,AAL,2024-06-17
0.0,1,Trd,B,-1,10:00:00,13885,598980319,4,AAL,2024-06-17
-0.6,1,Add,B,-2,10:30:00,34250,20081275266,25,AAL,2024-06-17
0.6000000000000001,2,Create_Ask,A,0,13:00:00,100,44942,1,AAL,2024-06-17
-0.8,2,Add,A,1,14:00:00,656,88670,5,AAL,2024-06-17
-0.6,2,Can,B,-2,13:30:00,1600,31121572,4,AAL,2024-06-17
-0.4,1,Add,A,1,13:30:00,70802,43498048965,89,AAL,2024-06-17
0.6000000000000001,1,Add,B,-2,12:30:00,400,3649006065,2,AAL,2024-06-17
0.3999999999999999,2,Add,A,1,13:00:00,1350,9548,1,AAL,2024-06-17
-0.19999999999999996,1,Trd,B,-1,11:00:00,561,783563,2,AAL,2024-06-17
-1.0,1,Can,B,-1,11:00:00,2309,1307668376,7,AAL,2024-06-17
0.19999999999999996,1,Can,A,1,11:30:00,55930,11263554233,57,AAL,2024-06-17
-0.19999999999999996,1,Can,B,-2,11:00:00,14533,12046445396,20,AAL,2024-06-17
0.0,2,Can,A,1,10:30:00,400,15122,4,AAL,2024-06-17
-0.6,1,Trd_All,B,-1,13:00:00,10523,3834530,1,AAL,2024-06-17
-0.6,2,Create_Ask,A,0,10:30:00,6200,560413,3,AAL,2024-06-17
0.8,1,Can,A,2,11:30:00,2162,8554,2,AAL,2024-06-17
0.3999999999999999,1,Add,A,2,10:00:00,18561,9081510664,33,AAL,2024-06-17
0.8,1,Trd_All,A,1,15:00:00,1973,4098208,6,AAL,2024-06-17
0.0,1,Can,A,2,11:30:00,11422,10218305056,48,AAL,2024-06-17
0.3999999999999999,1,Trd_All,A,1,11:00:00,8501,297856,1,AAL,2024-06-17
0.3999999999999999,1,Trd,A,1,10:30:00,6211,323313187,3,AAL,2024-06-17
-0.19999999999999996,2,Add,B,-1,11:30:00,3642,43114,7,AAL,2024-06-17
-0.4,2,Can,A,1,15:00:00,2407,18722,5,AAL,2024-06-17
-0.8,1,Can,B,-2,13:30:00,9123,31204671339,34,AAL,2024-06-17
0.6000000000000001,1,Add,B,-1,10:00:00,159589,22876487251,158,AAL,2024-06-17
0.3999999999999999,1,Add,A,2,14:00:00,6975,430882709,10,AAL,2024-06-17
-0.4,1,Can,A,2,10:30:00,16839,8078990972,30,AAL,2024-06-17
-0.4,2,Add,A,1,14:30:00,26578,65456,11,AAL,2024-06-17
-0.6,2,Can,B,-1,11:30:00,248,7988,2,AAL,2024-06-17
0.19999999999999996,2,Create_Bid,B,0,11:00:00,4100,40053,2,AAL,2024-06-17
-1.0,1,Can,A,1,15:00:00,282826,1269259014,312,AAL,2024-06-17
0.19999999999999996,2,Create_Ask,A,0,12:30:00,300,20257,2,AAL,2024-06-17
-0.19999999999999996,1,Can,A,2,10:00:00,23274,10724994003,33,AAL,2024-06-17
0.19999999999999996,2,Can,B,-1,14:30:00,11602,282175,11,AAL,2024-06-17
0.0,2,Can,A,1,15:00:00,4000,8986,1,AAL,2024-06-17
-0.8,1,Trd,A,1,12:30:00,65,19203604,1,AAL,2024-06-17
-1.0,1,Trd,B,-1,14:30:00,2421,64662,13,AAL,2024-06-17
-0.4,1,Can,B,-1,13:00:00,46528,31628768665,49,AAL,2024-06-17
0.3999999999999999,1,Add,A,2,11:00:00,306,82765283,2,AAL,2024-06-17
0.19999999999999996,1,Add,A,2,11:00:00,3162,1237612456,6,AAL,2024-06-17
-0.19999999999999996,2,Add,B,-1,13:00:00,9900,33133,3,AAL,2024-06-17
0.0,1,Can,A,-2,13:30:00,100,20378,1,AAL,2024-06-17
0.8,1,Can,B,-2,10:00:00,2200,10644280918,4,AAL,2024-06-17
-0.8,1,Trd,B,-1,12:00:00,8540,133471196,4,AAL,2024-06-17
0.19999999999999996,2,Add,A,1,10:00:00,17260,183993,22,AAL,2024-06-17
0.19999999999999996,1,Add,B,-1,10:30:00,204426,102462921272,164,AAL,2024-06-17
-0.4,1,Trd_All,A,1,13:30:00,33594,78596158,1,AAL,2024-06-17
0.3999999999999999,1,Can,B,-2,10:00:00,26109,2115177879,16,AAL,2024-06-17
-0.8,1,Add,A,1,14:30:00,31966,10624007529,65,AAL,2024-06-17
-0.8,1,Add,A,1,14:00:00,54674,20692608893,118,AAL,2024-06-17
0.19999999999999996,1,Add,B,-2,12:30:00,11015,7235385750,15,AAL,2024-06-17
-0.4,1,Trd_All,B,-1,10:00:00,5602,1535852378,2,AAL,2024-06-17
0.3999999999999999,1,Add,B,-1,14:00:00,84412,13131141072,70,AAL,2024-06-17
0.0,1,Can,A,1,12:30:00,56848,31656971446,64,AAL,2024-06-17
0.19999999999999996,2,Can,A,1,12:30:00,203,6731,2,AAL,2024-06-17
-0.19999999999999996,1,Can,B,-1,15:00:00,228063,44240943849,201,AAL,2024-06-17
0.6000000000000001,2,Can,A,1,11:30:00,900,141385,2,AAL,2024-06-17
0.3999999999999999,1,Can,A,2,11:30:00,9788,1587472242,21,AAL,2024-06-17
0.6000000000000001,1,Can,A,2,11:30:00,2764,3088515656,6,AAL,2024-06-17
-0.6,2,Add,A,1,13:00:00,500,3039,1,AAL,2024-06-17
0.3999999999999999,1,Add,A,1,14:00:00,32195,22193733380,54,AAL,2024-06-17
-0.8,1,Trd,B,-1,11:00:00,13303,6919557148,7,AAL,2024-06-17
-0.6,1,Add,A,1,13:30:00,322782,163435487715,290,AAL,2024-06-17
0.19999999999999996,2,Add,A,1,12:00:00,10337,38335,5,AAL,2024-06-17
0.8,1,Can,A,2,13:30:00,6304,7742841,6,AAL,2024-06-17
0.6000000000000001,2,Can,B,-1,11:00:00,2100,9566,1,AAL,2024-06-17
0.19999999999999996,1,Can,A,1,10:00:00,218542,83689270317,276,AAL,2024-06-17
-0.4,1,Add,A,1,10:30:00,150434,30019476471,214,AAL,2024-06-17
-0.6,1,Can,B,-1,11:30:00,55791,39481566382,58,AAL,2024-06-17
-1.0,1,Can,A,2,13:30:00,1900,28134,1,AAL,2024-06-17
0.6000000000000001,1,Trd,A,1,12:00:00,1343,87083445,2,AAL,2024-06-17
0.0,2,Add,B,-1,15:00:00,2100,21043,1,AAL,2024-06-17
0.19999999999999996,1,Trd,B,-1,10:30:00,681,25616664,1,AAL,2024-06-17
-0.19999999999999996,1,Add,B,-1,11:30:00,215083,174832715746,223,AAL,2024-06-17
-0.4,2,Create_Bid,B,0,11:30:00,600,59398,5,AAL,2024-06-17
0.3999999999999999,1,Can,B,-1,10:30:00,239246,52886839205,131,AAL,2024-06-17
-0.19999999999999996,1,Can,A,1,13:00:00,167105,164014707718,189,AAL,2024-06-17
0.3999999999999999,2,Can,B,-2,13:30:00,200,6582,1,AAL,2024-06-17
-0.19999999999999996,2,Create_Bid,B,0,15:00:00,400,38848,4,AAL,2024-06-17
-0.6,2,Create_Ask,A,0,15:00:00,6900,45322,2,AAL,2024-06-17
0.6000000000000001,2,Can,B,-1,13:30:00,20978,130298,9,AAL,2024-06-17
-0.19999999999999996,1,Can,A,1,10:00:00,171374,56238746753,177,AAL,2024-06-17
-0.6,1,Add,B,-1,14:30:00,66154,11211595745,52,AAL,2024-06-17
0.0,1,Trd,B,-1,11:00:00,3089,3537265500,6,AAL,2024-06-17
-0.4,2,Can,A,1,11:30:00,10201,70720,11,AAL,2024-06-17
-1.0,1,Trd,A,1,13:00:00,500,2631811,5,AAL,2024-06-17
0.0,1,Can,A,2,14:00:00,54725,7981387792,68,AAL,2024-06-17
0.3999999999999999,2,Create_Ask,A,0,12:30:00,800,86371,3,AAL,2024-06-17
0.0,1,Trd,A,1,14:00:00,43670,325950230,21,AAL,2024-06-17
0.0,1,Can,A,1,14:30:00,125995,104629519146,284,AAL,2024-06-17
0.6000000000000001,2,Can,B,-2,15:00:00,3710,12992,1,AAL,2024-06-17
-0.6,1,Trd,B,-1,10:00:00,8445,46623,5,AAL,2024-06-17
-0.4,1,Add,B,-2,13:30:00,10600,15918003616,14,AAL,2024-06-17
-0.4,1,Trd_All,A,1,12:30:00,23505,950449482,1,AAL,2024-06-17
0.0,1,Can,A,2,10:30:00,21353,5057297578,51,AAL,2024-06-17
0.6000000000000001,1,Can,B,-1,11:00:00,58568,2174327891,53,AAL,2024-06-17
0.0,1,Add,A,2,15:00:00,1948,7602938694,15,AAL,2024-06-17
0.6000000000000001,2,Can,B,-1,11:30:00,35248,251572,22,AAL,2024-06-17
0.19999999999999996,2,Create_Ask,A,0,14:00:00,400,924161,2,AAL,2024-06-17
0.6000000000000001,1,Add,A,2,13:00:00,200,55086133,1,AAL,2024-06-17
0.8,1,Add,B,-1,10:30:00,94610,2670019754,105,AAL,2024-06-17
0.19999999999999996,2,Trd,B,-1,14:30:00,100,10105,1,AAL,2024-06-17
-1.0,1,Can,B,-1,13:30:00,15157,267738780,22,AAL,2024-06-17
-0.8,1,Add,B,-1,14:30:00,14849,3442955863,21,AAL,2024-06-17
0.8,1,Can,B,-2,11:00:00,904,17111,2,AAL,2024-06-17
-0.19999999999999996,2,Add,A,1,13:00:00,3300,19323,4,AAL,2024-06-17
0.3999999999999999,1,Can,A,1,11:30:00,59885,12565037736,48,AAL,2024-06-17
-0.8,2,Create_Bid,B,0,14:30:00,100,8162,1,AAL,2024-06-17
-0.6,1,Trd,B,-1,11:00:00,2779,7823792347,9,AAL,2024-06-17
-1.0,1,Add,B,-1,12:30:00,5300,84173,3,AAL,2024-06-17
0.8,1,Can,B,-1,11:00:00,140826,2318222067,130,AAL,2024-06-17
-1.0,1,Add,A,1,11:30:00,203451,13608710517,213,AAL,2024-06-17
0.8,1,Trd_All,A,1,12:00:00,1613,97166,6,AAL,2024-06-17
0.0,1,Add,B,-1,12:30:00,149700,55480433417,94,AAL,2024-06-17
0.3999999999999999,2,Add,A,1,15:00:00,12,23149045,1,AAL,2024-06-17
-0.6,1,Trd_All,B,-1,11:00:00,13729,119842,2,AAL,2024-06-17
0.0,1,Add,B,-2,10:00:00,10897,4843790657,12,AAL,2024-06-17
0.8,1,Can,B,2,10:30:00,424,7049,2,AAL,2024-06-17
0.6000000000000001,1,Add,B,-2,11:00:00,5301,1384480534,8,AAL,2024-06-17
0.19999999999999996,1,Can,B,-2,11:00:00,9014,1924959484,11,AAL,2024-06-17
-0.19999999999999996,2,Trd,B,-1,14:00:00,4400,173471336,7,AAL,2024-06-17
0.19999999999999996,1,Can,B,-1,10:30:00,208117,60571983408,164,AAL,2024-06-17
0.19999999999999996,2,Can,A,2,13:30:00,1700,30816,1,AAL,2024-06-17
-0.4,2,Create_Bid,B,0,11:00:00,1700,4132,2,AAL,2024-06-17
0.6000000000000001,1,Can,B,-1,10:30:00,77280,12468548659,68,AAL,2024-06-17
0.3999999999999999,1,Add,B,-1,13:30:00,68380,610473406,45,AAL,2024-06-17
0.8,1,Trd,A,1,10:30:00,14300,2506862,21,AAL,2024-06-17
-0.4,1,Add,B,-1,13:00:00,67063,29719156819,67,AAL,2024-06-17
0.6000000000000001,1,Add,A,2,10:30:00,20508,6304738430,20,AAL,2024-06-17
0.8,1,Add,A,2,10:30:00,203,712894102,2,AAL,2024-06-17
-0.19999999999999996,2,Create_Ask,A,0,13:00:00,400,15707,1,AAL,2024-06-17
0.19999999999999996,2,Trd,B,-1,11:00:00,200,2102,1,AAL,2024-06-17
0.0,1,Trd,A,1,13:00:00,4026,1252475732,2,AAL,2024-06-17
-0.8,2,Create_Bid,B,0,11:00:00,200,9683,1,AAL,2024-06-17
-0.19999999999999996,1,Add,A,2,13:30:00,24756,10541926602,21,AAL,2024-06-17
0.19999999999999996,1,Trd,A,1,13:00:00,16241,4739376814,4,AAL,2024-06-17
0.19999999999999996,2,Create_Bid,B,0,14:30:00,6900,557216,2,AAL,2024-06-17
-0.6,2,Create_Ask,A,0,14:30:00,300,4652,2,AAL,2024-06-17
0.0,1,Can,B,-1,10:00:00,242670,65327998946,225,AAL,2024-06-17
-0.8,1,Trd,B,-1,10:00:00,9895,3782496329,9,AAL,2024-06-17
0.6000000000000001,1,Trd,A,1,10:00:00,8182,3193832364,13,AAL,2024-06-17
0.19999999999999996,1,Add,B,-1,11:30:00,176386,13777690704,84,AAL,2024-06-17
-0.8,1,Can,A,1,12:30:00,22642,146377558,14,AAL,2024-06-17
0.8,1,Can,B,-2,14:00:00,1011,726648362,2,AAL,2024-06-17
0.3999999999999999,2,Create_Ask,A,0,12:00:00,400,12921,2,AAL,2024-06-17
0.19999999999999996,1,Can,B,-2,14:00:00,13729,890104486,11,AAL,2024-06-17
0.6000000000000001,1,Add,A,1,14:30:00,8120,3400099044,9,AAL,2024-06-17
0.0,1,Can,B,-2,10:30:00,38433,2279988281,34,AAL,2024-06-17
-0.8,1,Can,B,2,10:30:00,200,316,1,AAL,2024-06-17
0.19999999999999996,1,Can,A,1,12:00:00,143778,78697974407,120,AAL,2024-06-17
0.0,1,Can,B,-2,13:30:00,10002,4742889052,13,AAL,2024-06-17
0.3999999999999999,1,Add,B,-2,13:30:00,3500,311882,1,AAL,2024-06-17
0.8,1,Add,A,2,11:00:00,10742,2654363748,7,AAL,2024-06-17
-0.19999999999999996,1,Can,A,2,14:00:00,194633,40545549194,119,AAL,2024-06-17
-0.4,1,Trd,A,1,10:30:00,800,82572,1,AAL,2024-06-17
-0.6,1,Add,A,2,13:00:00,81596,20751462825,45,AAL,2024-06-17
-0.6,1,Can,A,1,14:30:00,171608,38361488745,134,AAL,2024-06-17
0.0,2,Can,B,-2,14:00:00,4400,21385446,1,AAL,2024-06-17
0.19999999999999996,2,Can,B,-1,15:00:00,4200,10295,2,AAL,2024-06-17
0.6000000000000001,2,Add,A,1,13:30:00,200,9486,1,AAL,2024-06-17
-0.19999999999999996,1,Add,B,-1,13:30:00,180749,112193606525,183,AAL,2024-06-17
-0.6,1,Trd_All,B,-1,15:00:00,7131,3123,1,AAL,2024-06-17
-1.0,1,Trd_All,B,-1,14:30:00,1093,120978,5,AAL,2024-06-17
0.6000000000000001,1,Can,A,1,12:30:00,3800,650453625,2,AAL,2024-06-17
-0.6,1,Can,B,-2,15:00:00,18716,13744273309,30,AAL,2024-06-17
0.19999999999999996,1,Add,B,-2,14:00:00,3106,1103698949,6,AAL,2024-06-17
-0.6,2,Can,B,-1,10:30:00,300,24891,2,AAL,2024-06-17
0.19999999999999996,1,Can,A,2,14:30:00,7321,3719247244,33,AAL,2024-06-17
0.19999999999999996,2,Can,B,-1,14:00:00,6892,2345357,7,AAL,2024-06-17
0.3999999999999999,2,Can,B,-1,13:00:00,8114,54679,7,AAL,2024-06-17
-0.8,2,Add,A,1,15:00:00,284,876,1,AAL,2024-06-17
0.3999999999999999,1,Add,B,-1,10:30:00,168050,76282636877,142,AAL,2024-06-17
0.8,1,Trd_All,A,1,10:00:00,7776,170098585,27,AAL,2024-06-17
-1.0,1,Add,B,-1,12:00:00,15324,2471987,16,AAL,2024-06-17
0.3999999999999999,1,Trd,A,1,12:00:00,8506,3646197757,6,AAL,2024-06-17
-0.6,2,Add,A,1,14:30:00,12003,40471,8,AAL,2024-06-17
-0.4,1,Add,B,-1,12:00:00,46045,63283068245,51,AAL,2024-06-17
-1.0,1,Add,A,1,13:30:00,341994,946252741,353,AAL,2024-06-17
0.6000000000000001,1,Trd_All,A,1,10:00:00,5403,10861,2,AAL,2024-06-17
0.19999999999999996,1,Add,B,-1,13:30:00,33448,2967481515,35,AAL,2024-06-17
0.6000000000000001,2,Add,B,-1,10:30:00,66098,436837,43,AAL,2024-06-17
0.19999999999999996,1,Can,B,2,10:30:00,100,5788,1,AAL,2024-06-17
0.8,1,Can,A,1,15:00:00,1100,29701907,4,AAL,2024-06-17
-0.4,1,Can,B,-2,11:00:00,44334,10986534597,22,AAL,2024-06-17
0.19999999999999996,2,Create_Ask,A,0,13:30:00,100,3421,1,AAL,2024-06-17
0.0,1,Add,B,-1,14:00:00,121323,5759265956,124,AAL,2024-06-17
-0.19999999999999996,2,Can,A,1,13:00:00,2300,23674,3,AAL,2024-06-17
-0.8,1,Trd_All,B,-1,12:30:00,8756,899536846,2,AAL,2024-06-17
0.3999999999999999,2,Trd,B,-1,15:00:00,400,59624128,2,AAL,2024-06-17
0.8,1,Can,B,2,15:00:00,100,4841,1,AAL,2024-06-17
0.0,1,Can,A,1,15:00:00,110222,78821987869,309,AAL,2024-06-17
0.6000000000000001,1,Trd,A,1,10:30:00,13716,1963608787,5,AAL,2024-06-17
0.6000000000000001,2,Add,B,-1,12:00:00,29734,201229,21,AAL,2024-06-17
-0.4,1,Add,B,-2,13:00:00,300,169409423,1,AAL,2024-06-17
0.8,1,Add,B,-1,13:30:00,28839,7192409,21,AAL,2024-06-17
0.3999999999999999,2,Can,A,1,14:30:00,300,60514,1,AAL,2024-06-17
0.6000000000000001,2,Add,B,-1,13:30:00,6509,81024,3,AAL,2024-06-17
-0.4,1,Trd,B,-1,11:00:00,1090,258088985,4,AAL,2024-06-17
0.0,1,Trd_All,A,1,10:30:00,6218,2739404630,1,AAL,2024-06-17
0.6000000000000001,1,Trd_All,A,1,14:30:00,3330,2909,1,AAL,2024-06-17
0.8,1,Add,B,-1,15:00:00,94095,21436927,64,AAL,2024-06-17
0.0,2,Can,B,-1,14:00:00,19735,10826137,21,AAL,2024-06-17
0.0,2,Can,B,-1,13:00:00,200,16057,2,AAL,2024-06-17
-0.6,1,Add,A,1,14:30:00,124786,50010665376,117,AAL,2024-06-17
0.8,1,Trd,A,1,13:30:00,1819,10174299,5,AAL,2024-06-17
-0.8,2,Create_Ask,A,0,11:30:00,4900,1110,1,AAL,2024-06-17
-0.4,1,Trd,A,1,13:30:00,20600,976068594,2,AAL,2024-06-17
0.3999999999999999,2,Trd,B,-1,11:30:00,600,138657,2,AAL,2024-06-17
0.0,1,Add,A,1,14:00:00,128233,50454968518,154,AAL,2024-06-17
0.3999999999999999,2,Create_Bid,B,0,11:30:00,12900,52289,3,AAL,2024-06-17
0.6000000000000001,1,Can,A,2,15:00:00,3418,248400851,10,AAL,2024-06-17
0.3999999999999999,2,Add,B,-1,14:30:00,32760,641729,31,AAL,2024-06-17
0.6000000000000001,2,Can,B,-1,12:00:00,30331,213874,21,AAL,2024-06-17
0.0,1,Add,B,-1,13:00:00,308336,179433359559,226,AAL,2024-06-17
0.19999999999999996,2,Trd,A,1,13:30:00,100,100516103,1,AAL,2024-06-17
-0.6,2,Can,A,1,12:30:00,17903,335255,13,AAL,2024-06-17
0.8,1,Add,A,1,13:00:00,5879,1251936,5,AAL,2024-06-17
-0.19999999999999996,1,Add,B,-2,13:00:00,13927,16316933947,14,AAL,2024-06-17
-0.19999999999999996,1,Can,A,2,10:30:00,39398,8111126313,39,AAL,2024-06-17
0.6000000000000001,1,Can,A,2,11:00:00,8183,414481834,7,AAL,2024-06-17
-0.19999999999999996,2,Add,A,1,12:00:00,14641,44955,8,AAL,2024-06-17
-0.6,2,Can,B,-1,12:00:00,360,15666,2,AAL,2024-06-17
0.3999999999999999,2,Can,B,-1,12:30:00,20480,213020,12,AAL,2024-06-17
0.0,1,Trd_All,A,1,13:30:00,15938,230893,1,AAL,2024-06-17
-0.4,1,Can,B,-1,10:30:00,117303,46809719429,107,AAL,2024-06-17
-0.6,1,Add,B,-1,15:00:00,148400,52691260827,119,AAL,2024-06-17
0.0,1,Trd,A,1,13:30:00,7348,178051334,3,AAL,2024-06-17
-0.19999999999999996,1,Can,B,-2,14:00:00,14781,1194064897,29,AAL,2024-06-17
-1.0,1,Add,B,-1,10:30:00,118038,26938235415,145,AAL,2024-06-17
-0.8,2,Add,B,-1,10:00:00,210,1333,1,AAL,2024-06-17
-0.4,1,Add,B,-1,11:00:00,125537,104181796658,100,AAL,2024-06-17
-0.4,2,Add,A,2,10:00:00,1348,4968,1,AAL,2024-06-17
0.19999999999999996,1,Can,A,-2,11:30:00,3800,246053,1,AAL,2024-06-17
0.3999999999999999,2,Add,B,-2,15:00:00,2300,533443274,5,AAL,2024-06-17
-0.8,1,Trd,A,1,11:00:00,4000,612682056,1,AAL,2024-06-17
-0.4,1,Trd,A,1,11:30:00,6590,2037080863,5,AAL,2024-06-17
-0.4,1,Can,B,-2,13:30:00,13636,6615025216,12,AAL,2024-06-17
-0.4,1,Add,A,2,10:30:00,10211,152133853,8,AAL,2024-06-17
-0.6,1,Add,A,1,12:00:00,43846,410477718,25,AAL,2024-06-17
0.3999999999999999,1,Can,B,-2,14:00:00,6867,4947146245,16,AAL,2024-06-17
-0.19999999999999996,2,Can,B,-1,13:30:00,100,3781,1,AAL,2024-06-17
-0.19999999999999996,1,Can,A,1,12:00:00,144182,41731545234,66,AAL,2024-06-17
0.3999999999999999,1,Trd,A,1,12:30:00,8278,63148059,3,AAL,2024-06-17
-0.4,2,Create_Bid,B,0,10:00:00,2500,376288,8,AAL,2024-06-17
-0.4,1,Add,B,-2,12:30:00,24606,15867899096,20,AAL,2024-06-17
-0.6,2,Add,B,-1,10:30:00,2100,24667,4,AAL,2024-06-17
0.3999999999999999,1,Add,A,2,13:30:00,13900,570592718,10,AAL,2024-06-17
0.0,1,Can,B,-1,12:30:00,185805,63042200748,105,AAL,2024-06-17
-0.19999999999999996,1,Trd,B,-1,14:00:00,8646,2943951219,2,AAL,2024-06-17
-1.0,1,Can,B,-2,12:00:00,3300,10680,3,AAL,2024-06-17
0.19999999999999996,1,Add,A,2,12:30:00,4741,13088947618,11,AAL,2024-06-17
-0.4,1,Trd,B,-1,12:00:00,10513,20946,2,AAL,2024-06-17
0.19999999999999996,1,Can,B,-1,14:30:00,178751,48931148411,193,AAL,2024-06-17
0.0,1,Add,B,-2,15:00:00,11592,14712247150,35,AAL,2024-06-17
-0.19999999999999996,2,Create_Ask,A,0,12:00:00,4600,920,1,AAL,2024-06-17
0.6000000000000001,2,Add,A,2,11:30:00,300,7367,1,AAL,2024-06-17
0.6000000000000001,1,Can,A,2,12:00:00,2300,16186,3,AAL,2024-06-17
0.0,2,Trd,A,1,14:30:00,9600,691002,1,AAL,2024-06-17
0.8,1,Add,B,-1,11:00:00,97067,7580432395,98,AAL,2024-06-17
-0.8,1,Can,A,2,14:30:00,165,892558517,4,AAL,2024-06-17
0.19999999999999996,1,Add,B,-1,11:00:00,83495,16908026159,48,AAL,2024-06-17
-0.6,1,Add,B,-2,13:30:00,14128,2904777774,15,AAL,2024-06-17
-0.19999999999999996,1,Add,A,1,10:00:00,111167,42374875581,161,AAL,2024-06-17
-0.4,1,Can,B,-2,13:00:00,7184,4965988112,10,AAL,2024-06-17
0.6000000000000001,1,Can,A,1,11:30:00,15040,10392358246,26,AAL,2024-06-17
0.3999999999999999,2,Can,B,-1,12:00:00,9699,46946,8,AAL,2024-06-17
-0.4,1,Trd,A,1,14:00:00,4865,2250759909,7,AAL,2024-06-17
-0.4,2,Can,A,1,13:30:00,5360,17017,3,AAL,2024-06-17
-0.19999999999999996,2,Add,A,2,14:00:00,3600,151563,2,AAL,2024-06-17
0.6000000000000001,1,Trd,A,1,11:30:00,8290,4584914565,2,AAL,2024-06-17
-0.19999999999999996,2,Add,B,-1,11:00:00,15359,75814,11,AAL,2024-06-17
-0.8,1,Can,B,-1,11:30:00,25475,22101456246,36,AAL,2024-06-17
0.19999999999999996,1,Add,A,1,12:30:00,72816,70836007379,93,AAL,2024-06-17
-0.6,1,Add,A,2,10:30:00,1019,2748963597,8,AAL,2024-06-17
-0.6,1,Add,A,1,12:30:00,29404,11188696886,34,AAL,2024-06-17
-0.4,1,Add,B,-2,15:00:00,11881,8535140639,26,AAL,2024-06-17
0.3999999999999999,1,Trd,A,1,13:00:00,14305,10779715,2,AAL,2024-06-17
0.3999999999999999,1,Add,A,-2,12:00:00,300,4646,1,AAL,2024-06-17
0.3999999999999999,2,Create_Ask,A,0,15:00:00,1400,1076040,4,AAL,2024-06-17
0.19999999999999996,1,Can,A,2,13:00:00,6361,3628679739,9,AAL,2024-06-17
-1.0,1,Can,B,-2,13:30:00,1200,90975,8,AAL,2024-06-17
-0.6,1,Add,A,2,13:30:00,149600,43312211176,82,AAL,2024-06-17
-1.0,1,Add,B,-1,13:00:00,12701,5672523,21,AAL,2024-06-17
0.19999999999999996,1,Add,B,-1,14:00:00,129422,13246110846,94,AAL,2024-06-17
0.6000000000000001,1,Can,A,1,12:00:00,1645,6621437461,11,AAL,2024-06-17
-1.0,1,Add,A,2,13:00:00,100,1197,1,AAL,2024-06-17
0.3999999999999999,2,Trd,B,-1,14:30:00,400,98296,4,AAL,2024-06-17
0.0,2,Can,B,-1,14:30:00,16496,2265305,8,AAL,2024-06-17
0.0,2,Add,B,-1,13:00:00,25569,83554,13,AAL,2024-06-17
0.19999999999999996,1,Trd_All,A,1,12:30:00,9684,13431,1,AAL,2024-06-17
-0.4,2,Can,A,1,13:00:00,4400,11892,4,AAL,2024-06-17
-0.6,1,Trd,B,-1,12:00:00,2969,1332,1,AAL,2024-06-17
0.8,1,Add,B,1,13:00:00,1,20278,1,AAL,2024-06-17
-0.8,2,Create_Bid,B,0,13:30:00,400,60260,4,AAL,2024-06-17
-0.8,1,Can,A,1,13:00:00,18608,4464976348,17,AAL,2024-06-17
0.6000000000000001,1,Can,A,2,14:00:00,2500,1270772,2,AAL,2024-06-17
-0.6,2,Can,A,1,12:00:00,19147,58080,11,AAL,2024-06-17
0.8,1,Add,B,-2,11:00:00,300,535451855,1,AAL,2024-06-17
-0.4,2,Can,B,-1,15:00:00,1500,22995,1,AAL,2024-06-17
0.19999999999999996,1,Trd,A,1,12:00:00,19342,676099874,3,AAL,2024-06-17
-0.8,1,Add,B,-1,10:00:00,58633,18498262303,58,AAL,2024-06-17
0.19999999999999996,1,Add,A,2,13:00:00,8432,1505039632,10,AAL,2024-06-17
0.6000000000000001,1,Can,B,-2,12:30:00,100,1016767082,1,AAL,2024-06-17
0.6000000000000001,1,Can,B,-1,11:30:00,138041,6924795577,86,AAL,2024-06-17
-0.6,2,Create_Bid,B,0,12:00:00,400,18879,2,AAL,2024-06-17
0.19999999999999996,1,Can,A,1,11:00:00,21881,9503141397,19,AAL,2024-06-17
-0.19999999999999996,2,Add,A,1,10:00:00,70025,2211674193,86,AAL,2024-06-17
0.8,1,Add,A,1,10:30:00,56281,14181971694,44,AAL,2024-06-17
0.19999999999999996,1,Trd_All,A,1,15:00:00,11528,4411,1,AAL,2024-06-17
-1.0,1,Add,A,1,13:00:00,57613,836154,46,AAL,2024-06-17
0.3999999999999999,1,Can,A,2,12:00:00,15422,7966439963,26,AAL,2024-06-17
0.8,1,Trd_All,A,1,13:30:00,1923,1903624,6,AAL,2024-06-17
0.0,1,Can,A,1,10:30:00,177566,40635387897,184,AAL,2024-06-17
-0.19999999999999996,2,Create_Bid,B,0,10:30:00,4700,114235711,9,AAL,2024-06-17
-0.6,2,Create_Bid,B,0,15:00:00,1000,306231,6,AAL,2024-06-17
0.3999999999999999,1,Trd,B,-1,10:30:00,764,178217718,1,AAL,2024-06-17
0.6000000000000001,2,Create_Bid,B,0,13:30:00,200,79893,1,AAL,2024-06-17
0.0,1,Add,B,-1,13:30:00,173021,103353386035,172,AAL,2024-06-17
-0.8,1,Can,B,-1,15:00:00,24105,2468593094,25,AAL,2024-06-17
0.19999999999999996,1,Trd,A,1,11:30:00,7500,1305783758,2,AAL,2024-06-17
0.19999999999999996,2,Add,B,-1,12:00:00,26570,531390,25,AAL,2024-06-17
0.8,1,Trd,B,-1,11:30:00,100,3387,1,AAL,2024-06-17
0.19999999999999996,1,Trd,A,1,14:30:00,11002,3903457862,3,AAL,2024-06-17
0.6000000000000001,1,Can,A,2,10:30:00,16169,5507689475,17,AAL,2024-06-17
-0.8,2,Add,A,1,12:30:00,38917,189952,21,AAL,2024-06-17
-0.8,1,Can,B,-2,14:30:00,3388,8171,2,AAL,2024-06-17
-1.0,1,Add,A,1,11:00:00,108042,3137041986,77,AAL,2024-06-17
0.19999999999999996,1,Add,A,1,14:00:00,81838,61704536323,132,AAL,2024-06-17
-0.19999999999999996,2,Create_Bid,B,0,11:30:00,200,9803,1,AAL,2024-06-17
0.3999999999999999,2,Add,A,1,12:00:00,200,4008,1,AAL,2024-06-17
-1.0,1,Trd,B,-1,10:30:00,26069,3473501735,50,AAL,2024-06-17
0.3999999999999999,1,Trd,B,-1,14:00:00,4146,4000461,4,AAL,2024-06-17
-0.6,1,Add,B,-2,13:00:00,1000,52968969,2,AAL,2024-06-17
0.3999999999999999,1,Add,A,1,11:30:00,28985,21410568286,48,AAL,2024-06-17
-0.19999999999999996,2,Can,A,1,14:30:00,300,10625,3,AAL,2024-06-17
0.19999999999999996,1,Add,B,-2,15:00:00,8982,1940429672,10,AAL,2024-06-17
0.19999999999999996,2,Add,B,-1,11:30:00,65253,421617,44,AAL,2024-06-17
0.6000000000000001,1,Add,B,-1,11:00:00,42291,19143321677,64,AAL,2024-06-17
-0.19999999999999996,2,Trd,A,1,10:30:00,2256,3149429,1,AAL,2024-06-17
0.0,1,Add,B,-1,10:30:00,143274,82024596731,145,AAL,2024-06-17
-0.4,1,Can,B,-1,11:00:00,122383,75290392413,103,AAL,2024-06-17
0.0,2,Create_Bid,B,0,10:00:00,2600,76433,4,AAL,2024-06-17
-0.8,1,Can,A,1,11:30:00,52059,5774704703,62,AAL,2024-06-17
-0.6,2,Create_Ask,A,0,13:30:00,200,9413,1,AAL,2024-06-17
-0.6,1,Trd_All,B,-1,14:30:00,17473,746637933,2,AAL,2024-06-17
-0.8,1,Add,A,1,12:00:00,8324,31840672,5,AAL,2024-06-17
-0.19999999999999996,1,Add,B,-1,12:30:00,119934,76795516971,100,AAL,2024-06-17
-0.19999999999999996,1,Add,A,1,14:30:00,44592,112009490730,174,AAL,2024-06-17
0.3999999999999999,2,Create_Bid,B,0,14:00:00,13600,95584,2,AAL,2024-06-17
-0.19999999999999996,1,Can,A,2,13:30:00,20948,3420714592,26,AAL,2024-06-17
0.19999999999999996,1,Can,B,-2,13:30:00,8796,7645744048,20,AAL,2024-06-17
0.0,1,Add,A,1,12:00:00,171212,162025490066,207,AAL,2024-06-17
-0.4,1,Trd,B,-1,15:00:00,20838,3348394474,8,AAL,2024-06-17
-1.0,1,Add,B,-2,14:30:00,3711,6853,2,AAL,2024-06-17
-0.6,1,Can,B,-1,13:00:00,24389,28216807795,43,AAL,2024-06-17
-0.4,1,Can,B,-2,10:00:00,4159,1534990317,12,AAL,2024-06-17
0.0,2,Create_Bid,B,0,13:30:00,13100,110959,2,AAL,2024-06-17
0.0,2,Add,B,-1,10:30:00,29603,80895,19,AAL,2024-06-17
0.6000000000000001,1,Add,A,2,15:00:00,1100,3629236,4,AAL,2024-06-17
-0.6,2,Create_Bid,B,0,11:00:00,1539,35651,8,AAL,2024-06-17
-0.4,2,Create_Ask,A,0,11:30:00,200,17990,1,AAL,2024-06-17
-0.19999999999999996,1,Add,B,-1,14:30:00,135076,40547339762,154,AAL,2024-06-17
0.19999999999999996,1,Can,A,1,15:00:00,20818,21816345058,66,AAL,2024-06-17
-0.4,1,Trd,B,-1,12:30:00,200,2322051316,2,AAL,2024-06-17
0.19999999999999996,1,Can,B,-1,10:00:00,272637,54405237357,204,AAL,2024-06-17
0.19999999999999996,1,Trd_All,A,1,11:30:00,13498,23311,1,AAL,2024-06-17
-0.6,1,Can,A,2,12:00:00,4410,446528101,6,AAL,2024-06-17
0.0,1,Can,B,-1,14:00:00,222614,11831494102,146,AAL,2024-06-17
-0.8,2,Can,A,1,12:30:00,32511,324180,30,AAL,2024-06-17
0.3999999999999999,1,Add,A,2,11:30:00,1415,1181007452,6,AAL,2024-06-17
0.3999999999999999,1,Add,A,1,12:30:00,60727,48871871974,63,AAL,2024-06-17
0.8,1,Add,B,-2,10:00:00,1947,8993111508,9,AAL,2024-06-17
-0.8,1,Trd,B,-1,10:30:00,11254,926366562,28,AAL,2024-06-17
0.19999999999999996,2,Create_Ask,A,0,14:30:00,200,5157,1,AAL,2024-06-17
-0.6,1,Trd,A,1,10:30:00,1928,458849064,7,AAL,2024-06-17
0.0,1,Can,B,-2,12:00:00,20708,10524117536,45,AAL,2024-06-17
0.6000000000000001,2,Create_Ask,A,0,10:00:00,2265,161787,12,AAL,2024-06-17
-0.19999999999999996,1,Add,B,-1,13:00:00,184368,115831303736,174,AAL,2024-06-17
-0.8,1,Trd,B,-1,11:30:00,3621,1373178796,3,AAL,2024-06-17
-0.4,1,Can,B,-1,12:00:00,23901,44649552672,44,AAL,2024-06-17
0.0,1,Can,B,-1,11:30:00,216064,29541004485,129,AAL,2024-06-17
0.3999999999999999,1,Add,B,-2,12:00:00,9430,4095680768,6,AAL,2024-06-17
-0.4,1,Add,A,1,14:30:00,145755,71487987424,169,AAL,2024-06-17
0.3999999999999999,2,Can,B,-1,10:30:00,31803,135909,25,AAL,2024-06-17
-0.19999999999999996,1,Can,A,2,11:00:00,12751,26270969849,53,AAL,2024-06-17
-0.19999999999999996,1,Can,A,1,15:00:00,170375,63027210696,252,AAL,2024-06-17
0.19999999999999996,1,Trd,A,1,13:30:00,22279,89316635,4,AAL,2024-06-17
-0.6,1,Can,A,2,13:30:00,147262,46098864395,86,AAL,2024-06-17
-0.4,1,Trd,B,-1,14:30:00,10234,7007379188,15,AAL,2024-06-17
-0.19999999999999996,1,Add,A,2,10:30:00,9289,6641201533,15,AAL,2024-06-17
-0.6,1,Can,A,1,11:00:00,230318,56032331976,146,AAL,2024-06-17
-0.6,1,Trd_All,B,-1,13:30:00,11176,35053,1,AAL,2024-06-17
0.3999999999999999,2,Add,A,1,10:00:00,6629,72295,9,AAL,2024-06-17
0.3999999999999999,2,Can,A,1,11:30:00,100,1291,1,AAL,2024-06-17
0.0,1,Can,A,2,10:00:00,32176,7294564303,48,AAL,2024-06-17
0.0,1,Can,B,-1,12:00:00,190898,81447755844,178,AAL,2024-06-17
-0.6,1,Trd,B,-1,11:30:00,1114,306752652,4,AAL,2024-06-17
-0.6,1,Add,B,-1,10:30:00,118955,74257158949,132,AAL,2024-06-17
0.3999999999999999,2,Create_Bid,B,0,12:30:00,14200,138972,3,AAL,2024-06-17
0.19999999999999996,1,Can,B,-2,11:30:00,37919,4924122488,39,AAL,2024-06-17
-0.8,1,Add,B,-2,10:30:00,29179,8703591557,14,AAL,2024-06-17
-0.4,1,Can,B,-2,12:30:00,18980,17060296581,31,AAL,2024-06-17
-0.19999999999999996,1,Add,A,1,15:00:00,159152,146687930423,305,AAL,2024-06-17
0.19999999999999996,1,Add,B,-2,11:30:00,5556,5906114116,12,AAL,2024-06-17
0.8,1,Trd_All,A,1,12:30:00,4559,45476,7,AAL,2024-06-17
-0.8,1,Can,B,-1,14:30:00,4249,1523689344,7,AAL,2024-06-17
0.3999999999999999,2,Can,A,1,14:00:00,200,2076,1,AAL,2024-06-17
-1.0,1,Trd_All,B,-1,14:00:00,1687,19953,3,AAL,2024-06-17
-0.6,2,Add,B,-1,11:30:00,970,226126,3,AAL,2024-06-17
0.8,1,Trd_All,A,1,14:00:00,2034,221474,7,AAL,2024-06-17
-0.19999999999999996,2,Add,A,1,15:00:00,15009,47866,8,AAL,2024-06-17
-1.0,1,Trd_All,B,-1,12:30:00,3691,23795320,5,AAL,2024-06-17
0.0,1,Add,B,-2,10:30:00,18426,8568085197,17,AAL,2024-06-17
-0.19999999999999996,2,Add,A,1,10:30:00,102449,67123188,70,AAL,2024-06-17
-0.8,1,Can,A,2,12:30:00,3563,816497517,4,AAL,2024-06-17
0.0,1,Trd,B,-1,14:30:00,800,3788080,8,AAL,2024-06-17
-0.19999999999999996,1,Can,A,2,11:30:00,28948,22492924981,40,AAL,2024-06-17
-0.8,1,Trd,B,-1,14:30:00,513,8687,2,AAL,2024-06-17
-0.19999999999999996,2,Add,B,-1,10:30:00,6300,615529,7,AAL,2024-06-17
-0.4,2,Create_Bid,B,0,15:00:00,500,37900,5,AAL,2024-06-17
0.8,1,Can,B,-1,13:30:00,49261,16063139,38,AAL,2024-06-17
0.0,1,Trd,B,-1,10:30:00,14459,25766397992,25,AAL,2024-06-17
0.6000000000000001,2,Create_Bid,B,0,12:00:00,200,25504,1,AAL,2024-06-17
-0.6,1,Add,B,-1,12:00:00,2905,3652106656,11,AAL,2024-06-17
-0.4,1,Add,A,1,12:30:00,115559,154852721598,135,AAL,2024-06-17
-0.6,1,Add,A,2,12:30:00,16412,1000833812,9,AAL,2024-06-17
-0.8,1,Can,A,2,13:00:00,7900,1338964055,4,AAL,2024-06-17
0.3999999999999999,2,Can,B,-1,13:30:00,32869,491551,28,AAL,2024-06-17
0.8,1,Add,B,-1,14:00:00,214186,5287838592,169,AAL,2024-06-17
0.0,1,Trd_All,A,1,13:00:00,16118,1513949399,1,AAL,2024-06-17
0.8,1,Can,A,1,10:00:00,11067,12905879898,36,AAL,2024-06-17
-1.0,1,Can,A,2,10:00:00,3354,1479467343,7,AAL,2024-06-17
0.6000000000000001,2,Trd,B,-1,15:00:00,200,13767,2,AAL,2024-06-17
0.19999999999999996,1,Can,B,-1,12:30:00,194546,68668190244,95,AAL,2024-06-17
0.0,1,Can,A,1,14:00:00,85498,13473999964,107,AAL,2024-06-17
-0.19999999999999996,1,Add,A,1,12:30:00,116544,75323165803,149,AAL,2024-06-17
-1.0,1,Trd_All,B,-1,10:30:00,14020,2097550039,27,AAL,2024-06-17
0.19999999999999996,1,Can,A,2,14:00:00,13093,24670017,16,AAL,2024-06-17
0.19999999999999996,2,Add,A,2,13:30:00,500,14678,2,AAL,2024-06-17
0.6000000000000001,1,Trd,B,-1,10:30:00,100,186759595,1,AAL,2024-06-17
-1.0,1,Add,A,2,10:30:00,100,27739,1,AAL,2024-06-17
0.19999999999999996,1,Add,B,-1,12:00:00,225401,100873595703,170,AAL,2024-06-17
0.0,1,Can,A,2,12:30:00,20900,525902615,15,AAL,2024-06-17
0.19999999999999996,1,Add,B,-2,11:00:00,3321,24660628479,10,AAL,2024-06-17
0.19999999999999996,1,Trd,A,1,10:30:00,551,293445,1,AAL,2024-06-17
0.19999999999999996,1,Can,B,-2,12:30:00,17023,4108235079,27,AAL,2024-06-17
-0.4,1,Can,B,-1,10:00:00,135793,35527637564,145,AAL,2024-06-17
0.3999999999999999,2,Add,B,-1,10:30:00,72770,325229,59,AAL,2024-06-17
-0.19999999999999996,1,Trd,B,-1,12:00:00,200,25258,1,AAL,2024-06-17
-0.8,2,Create_Bid,B,0,12:00:00,300,3446,1,AAL,2024-06-17
0.0,1,Trd,A,1,12:00:00,3689,9698466,3,AAL,2024-06-17
0.3999999999999999,2,Create_Ask,A,0,11:30:00,1000,24937,5,AAL,2024-06-17
-0.4,1,Add,A,2,13:00:00,22000,7700431300,12,AAL,2024-06-17
0.8,1,Can,A,1,13:30:00,479,1709805,2,AAL,2024-06-17
-0.8,2,Can,A,1,11:30:00,8352,43889,9,AAL,2024-06-17
-0.19999999999999996,1,Add,B,-2,15:00:00,19525,4648625924,31,AAL,2024-06-17
-0.4,1,Trd_All,B,-1,13:00:00,18606,1564,1,AAL,2024-06-17
-0.19999999999999996,1,Add,B,-1,11:00:00,200426,65650148997,127,AAL,2024-06-17
-0.8,2,Can,A,1,11:00:00,13055,206602,7,AAL,2024-06-17
0.19999999999999996,1,Can,A,2,10:30:00,40918,13004679334,46,AAL,2024-06-17
0.6000000000000001,2,Create_Bid,B,0,10:30:00,3500,167185,3,AAL,2024-06-17
0.8,1,Can,A,2,10:00:00,2853,3266565789,13,AAL,2024-06-17
0.3999999999999999,1,Trd_All,A,1,13:00:00,5040,50095037,1,AAL,2024-06-17
-0.6,1,Trd,B,-1,12:30:00,6515,893109702,1,AAL,2024-06-17
-1.0,1,Can,A,1,14:00:00,142988,2635311893,151,AAL,2024-06-17
0.0,1,Add,A,1,11:30:00,111531,86878834141,141,AAL,2024-06-17
0.19999999999999996,1,Add,B,-1,14:30:00,167906,41248083832,206,AAL,2024-06-17
0.3999999999999999,2,Trd,B,-1,12:00:00,100,3890,1,AAL,2024-06-17
-1.0,1,Can,B,-1,14:30:00,900,69943,5,AAL,2024-06-17
0.3999999999999999,2,Create_Bid,B,0,10:00:00,2000,11489,1,AAL,2024-06-17
-0.8,2,Create_Ask,A,0,10:30:00,4300,8414,2,AAL,2024-06-17
-1.0,1,Can,A,1,14:30:00,68161,714937,63,AAL,2024-06-17
-0.8,1,Can,B,-2,12:00:00,800,309074,1,AAL,2024-06-17
-0.8,1,Add,B,-2,13:30:00,7026,3598023145,16,AAL,2024-06-17
0.0,1,Trd,B,-1,11:30:00,110,12437582,2,AAL,2024-06-17
0.3999999999999999,2,Can,A,1,12:30:00,3950,24072,3,AAL,2024-06-17
-0.19999999999999996,2,Create_Bid,B,0,14:00:00,400,12065,3,AAL,2024-06-17
-0.6,1,Add,A,2,11:00:00,2746,7291130538,10,AAL,2024-06-17
0.19999999999999996,1,Can,B,-2,10:00:00,39920,14446854968,39,AAL,2024-06-17
-0.4,2,Add,B,-1,13:00:00,200,27578,2,AAL,2024-06-17
-0.8,1,Can,A,1,15:00:00,119237,3765538332,102,AAL,2024-06-17
0.6000000000000001,1,Add,B,-1,10:30:00,54073,28174955028,73,AAL,2024-06-17
0.0,1,Can,B,-1,10:30:00,188909,39408932769,148,AAL,2024-06-17
-0.6,1,Add,A,2,14:30:00,300,3940630,1,AAL,2024-06-17
-0.19999999999999996,1,Add,A,2,15:00:00,12448,5177457201,12,AAL,2024-06-17
0.19999999999999996,1,Add,A,1,10:30:00,113757,71482372029,151,AAL,2024-06-17
0.8,1,Can,B,-1,13:00:00,51991,7790160,36,AAL,2024-06-17
-0.6,1,Add,A,1,10:30:00,153598,43758002980,235,AAL,2024-06-17
0.3999999999999999,2,Can,A,2,14:00:00,25,3352,1,AAL,2024-06-17
-0.19999999999999996,1,Can,B,-1,10:00:00,197970,81713728617,208,AAL,2024-06-17
0.0,1,Can,B,-1,11:00:00,216591,71328291665,129,AAL,2024-06-17
0.0,1,Can,B,-2,15:00:00,30120,11687510241,44,AAL,2024-06-17
-0.4,2,Create_Ask,A,0,12:30:00,10400,231891,2,AAL,2024-06-17
0.19999999999999996,1,Add,A,2,10:30:00,10115,9822060447,17,AAL,2024-06-17
0.0,1,Can,B,-2,10:00:00,25441,10396702120,30,AAL,2024-06-17
-1.0,1,Add,B,-2,12:30:00,2100,19113,1,AAL,2024-06-17
-0.6,1,Add,B,-2,14:30:00,3000,3639958584,7,AAL,2024-06-17
-0.19999999999999996,2,Add,A,1,14:00:00,27171,16299750,16,AAL,2024-06-17
0.8,1,Add,B,-1,12:00:00,87663,403092,56,AAL,2024-06-17
0.6000000000000001,1,Can,B,-2,10:00:00,5959,6639866545,16,AAL,2024-06-17
-0.19999999999999996,2,Can,B,-1,14:30:00,200,11094,2,AAL,2024-06-17
-1.0,1,Add,B,-2,10:30:00,21061,5361151670,20,AAL,2024-06-17
-0.6,2,Create_Bid,B,0,13:00:00,300,23727,3,AAL,2024-06-17
0.3999999999999999,1,Can,B,-2,11:30:00,23382,3900299710,16,AAL,2024-06-17
0.8,1,Trd,A,1,15:00:00,2986,26001,4,AAL,2024-06-17
0.0,1,Trd,A,1,12:30:00,347,512506366,2,AAL,2024-06-17
0.19999999999999996,2,Create_Bid,B,0,13:30:00,200,91726,1,AAL,2024-06-17
-0.4,1,Add,B,-2,14:00:00,11202,6095076690,16,AAL,2024-06-17
-0.4,2,Trd,B,-1,14:00:00,4400,2537278,1,AAL,2024-06-17
-0.19999999999999996,1,Trd,B,-1,11:30:00,1286,1717802,1,AAL,2024-06-17
-0.4,2,Create_Ask,A,0,10:00:00,9500,189509,6,AAL,2024-06-17
0.19999999999999996,2,Can,A,2,11:30:00,2000,9780,1,AAL,2024-06-17
0.19999999999999996,1,Can,B,-1,13:30:00,140800,1376726894,38,AAL,2024-06-17
-0.19999999999999996,1,Add,B,-1,10:00:00,194922,44936552597,186,AAL,2024-06-17
0.3999999999999999,1,Can,B,-2,12:00:00,6572,3409814303,10,AAL,2024-06-17
-0.4,1,Add,B,-2,11:00:00,18497,13059341373,20,AAL,2024-06-17
-0.6,2,Can,A,1,14:30:00,2526,26665,2,AAL,2024-06-17
-0.6,2,Create_Bid,B,0,10:30:00,9500,52923,6,AAL,2024-06-17
0.8,1,Trd,B,-1,11:00:00,900,37867,2,AAL,2024-06-17
0.8,1,Add,B,-1,11:30:00,66985,368582,53,AAL,2024-06-17
0.6000000000000001,1,Can,B,-1,13:00:00,8300,13427923,14,AAL,2024-06-17
-1.0,1,Can,A,-2,14:00:00,100,11595,1,AAL,2024-06-17
-0.8,1,Trd,A,1,13:30:00,405,51697594,2,AAL,2024-06-17
-0.19999999999999996,1,Trd,B,-1,10:00:00,14015,2677702041,3,AAL,2024-06-17
0.3999999999999999,1,Add,B,-1,12:30:00,156096,53197842453,94,AAL,2024-06-17
-0.4,1,Can,B,-2,10:30:00,12633,4322718750,12,AAL,2024-06-17
0.19999999999999996,1,Trd,B,-1,14:00:00,300,51054,1,AAL,2024-06-17
0.0,1,Can,B,-2,12:30:00,22415,465748462,16,AAL,2024-06-17
-0.8,1,Can,A,1,14:30:00,25516,3483901317,52,AAL,2024-06-17
-0.6,2,Add,B,-1,15:00:00,5000,2365980,1,AAL,2024-06-17
0.19999999999999996,2,Add,B,-1,14:00:00,44279,7537810,26,AAL,2024-06-17
0.0,2,Add,A,1,11:00:00,6993,43355,6,AAL,2024-06-17
-0.8,1,Add,B,-2,14:00:00,100,962049423,1,AAL,2024-06-17
0.19999999999999996,2,Add,B,-1,10:30:00,79381,297916,51,AAL,2024-06-17
0.3999999999999999,1,Add,A,1,14:30:00,66073,27100754514,60,AAL,2024-06-17
-0.4,1,Add,A,1,13:00:00,66781,37529638964,66,AAL,2024-06-17
0.3999999999999999,1,Trd_All,A,1,12:00:00,10399,2048,1,AAL,2024-06-17
-0.4,2,Add,A,1,10:30:00,105646,1432023,83,AAL,2024-06-17
0.3999999999999999,2,Add,B,-1,11:30:00,109236,372475,69,AAL,2024-06-17
0.8,1,Add,B,-1,10:00:00,137155,10437433975,245,AAL,2024-06-17
-0.19999999999999996,2,Can,B,-1,10:30:00,1000,2598,1,AAL,2024-06-17
0.19999999999999996,2,Trd,B,-1,13:30:00,700,265189,7,AAL,2024-06-17
-0.4,1,Can,A,1,10:30:00,159249,17141400036,167,AAL,2024-06-17
-0.4,1,Can,A,1,15:00:00,251257,121010683342,377,AAL,2024-06-17
0.6000000000000001,2,Add,B,-1,10:00:00,28728,439265,36,AAL,2024-06-17
0.0,1,Trd,A,1,11:30:00,2,21965,1,AAL,2024-06-17
0.19999999999999996,2,Add,B,-1,14:30:00,58175,360534,36,AAL,2024-06-17
-0.8,1,Add,B,-2,10:00:00,19371,307382782,7,AAL,2024-06-17
-1.0,1,Can,A,-2,11:00:00,218,10958,1,AAL,2024-06-17
-0.8,1,Trd_All,B,-1,13:30:00,9329,4902220169,2,AAL,2024-06-17
-1.0,1,Can,A,1,11:30:00,204506,5066529721,223,AAL,2024-06-17
0.0,1,Add,B,-1,15:00:00,151486,66470944408,191,AAL,2024-06-17
-1.0,1,Can,A,1,11:00:00,135922,5503075734,95,AAL,2024-06-17
-0.6,1,Can,B,-1,13:30:00,177618,74525636858,138,AAL,2024-06-17
0.6000000000000001,1,Trd_All,A,1,13:00:00,5813,2894,1,AAL,2024-06-17
0.0,1,Add,B,-2,14:30:00,6494,9248474164,18,AAL,2024-06-17
0.0,2,Add,A,1,11:30:00,3000,4616,1,AAL,2024-06-17
0.3999999999999999,1,Can,A,1,11:00:00,25712,7677905761,32,AAL,2024-06-17
-0.19999999999999996,1,Can,B,-2,12:30:00,8424,1118689929,11,AAL,2024-06-17
0.6000000000000001,2,Can,A,1,15:00:00,213,90246,2,AAL,2024-06-17
-0.6,2,Add,B,-1,12:00:00,910,9176,2,AAL,2024-06-17
0.0,1,Trd,A,1,15:00:00,2898,997036117,4,AAL,2024-06-17
-1.0,1,Add,A,-2,10:00:00,210,7837,1,AAL,2024-06-17
0.0,2,Can,A,2,13:30:00,1800,41128,1,AAL,2024-06-17
0.0,1,Add,A,1,15:00:00,172639,157479662126,365,AAL,2024-06-17
-0.8,2,Create_Bid,B,0,10:00:00,2100,61147,3,AAL,2024-06-17
-0.8,1,Can,A,1,12:00:00,19088,8410149,6,AAL,2024-06-17
0.3999999999999999,1,Trd,B,-1,10:00:00,900,2050180273,3,AAL,2024-06-17
0.8,1,Can,A,1,14:00:00,7565,282358828,12,AAL,2024-06-17
-0.4,2,Create_Ask,A,0,10:30:00,14000,139187,7,AAL,2024-06-17
-0.19999999999999996,1,Trd,A,1,10:30:00,730,4289333,1,AAL,2024-06-17
-0.6,2,Can,A,1,11:30:00,23731,220478,20,AAL,2024-06-17
0.8,1,Trd,A,1,12:00:00,3125,191015,15,AAL,2024-06-17
0.3999999999999999,1,Can,B,-1,11:00:00,50878,13057436853,34,AAL,2024-06-17
0.0,2,Create_Bid,B,0,12:00:00,5100,11593,2,AAL,2024-06-17
0.0,1,Add,B,-2,14:00:00,14381,3183465192,16,AAL,2024-06-17
-0.8,1,Trd_All,B,-1,10:30:00,14535,2902987017,4,AAL,2024-06-17
0.0,1,Add,B,-1,11:30:00,201077,67227950018,127,AAL,2024-06-17
-0.4,1,Trd,B,-1,14:00:00,15096,10359317601,10,AAL,2024-06-17
-0.4,2,Add,A,1,14:00:00,50752,580692,39,AAL,2024-06-17
-0.4,2,Add,A,1,13:30:00,24142,98638,16,AAL,2024-06-17
0.8,1,Add,A,1,10:00:00,95176,39690610666,112,AAL,2024-06-17
0.0,1,Can,B,-2,13:00:00,38200,10886515794,49,AAL,2024-06-17
-0.6,1,Can,B,-2,11:30:00,1700,164111359,4,AAL,2024-06-17
0.0,1,Can,A,2,11:00:00,13593,12477795961,31,AAL,2024-06-17
0.3999999999999999,2,Can,A,1,11:00:00,757,43588,4,AAL,2024-06-17
0.0,1,Add,B,-2,13:30:00,12406,9371445961,12,AAL,2024-06-17
-1.0,1,Trd,A,1,12:00:00,2300,2164,1,AAL,2024-06-17
0.8,1,Trd,A,1,10:00:00,11538,1280977925,31,AAL,2024-06-17
0.6000000000000001,2,Can,B,-1,12:30:00,2100,11400,1,AAL,2024-06-17
0.6000000000000001,1,Add,B,-1,14:00:00,41618,780450592,46,AAL,2024-06-17
0.0,1,Add,A,1,11:00:00,177408,104568429796,168,AAL,2024-06-17
